 NAME;PREDICTED  GROUP 
 MEMBRANOUS2009    (1).jpg;HEE 
 MEMBRANOUS2009    (10).jpg;PAS 
 MEMBRANOUS2009    (100).jpg;PAMS 
 MEMBRANOUS2009    (101).jpg;PAMS 
 MEMBRANOUS2009    (102).jpg;PAMS 
 MEMBRANOUS2009    (103).jpg;PAMS 
 MEMBRANOUS2009    (104).jpg;PAMS 
 MEMBRANOUS2009    (105).jpg;PAMS 
 MEMBRANOUS2009    (106).jpg;PAMS 
 MEMBRANOUS2009    (107).jpg;HEE 
 MEMBRANOUS2009    (108).jpg;HEE 
 MEMBRANOUS2009    (109).jpg;HEE 
 MEMBRANOUS2009    (11).jpg;PAS 
 MEMBRANOUS2009    (110).jpg;HEE 
 MEMBRANOUS2009    (111).jpg;HEE 
 MEMBRANOUS2009    (112).jpg;HEE 
 MEMBRANOUS2009    (113).jpg;HEE 
 MEMBRANOUS2009    (114).jpg;HEE 
 MEMBRANOUS2009    (115).jpg;PAS 
 MEMBRANOUS2009    (116).jpg;PAS 
 MEMBRANOUS2009    (117).jpg;PAS 
 MEMBRANOUS2009    (118).jpg;PAS 
 MEMBRANOUS2009    (119).jpg;PAMS 
 MEMBRANOUS2009    (12).jpg;PAS 
 MEMBRANOUS2009    (120).jpg;PAMS 
 MEMBRANOUS2009    (121).jpg;PAMS 
 MEMBRANOUS2009    (122).jpg;PAMS 
 MEMBRANOUS2009    (123).jpg;PAMS 
 MEMBRANOUS2009    (124).jpg;HEE 
 MEMBRANOUS2009    (125).jpg;HEE 
 MEMBRANOUS2009    (126).jpg;HEE 
 MEMBRANOUS2009    (127).jpg;HEE 
 MEMBRANOUS2009    (128).jpg;HEE 
 MEMBRANOUS2009    (129).jpg;HEE 
 MEMBRANOUS2009    (13).jpg;PAS 
 MEMBRANOUS2009    (130).jpg;PAS 
 MEMBRANOUS2009    (131).jpg;PAS 
 MEMBRANOUS2009    (132).jpg;HEE 
 MEMBRANOUS2009    (133).jpg;PAS 
 MEMBRANOUS2009    (134).jpg;PAS 
 MEMBRANOUS2009    (135).jpg;PAMS 
 MEMBRANOUS2009    (136).jpg;PAMS 
 MEMBRANOUS2009    (137).jpg;PAMS 
 MEMBRANOUS2009    (138).jpg;PAMS 
 MEMBRANOUS2009    (139).jpg;PAMS 
 MEMBRANOUS2009    (14).jpg;PAS 
 MEMBRANOUS2009    (140).jpg;HEE 
 MEMBRANOUS2009    (15).jpg;PAMS 
 MEMBRANOUS2009    (16).jpg;PAMS 
 MEMBRANOUS2009    (17).jpg;PAMS 
 MEMBRANOUS2009    (18).jpg;PAMS 
 MEMBRANOUS2009    (19).jpg;PAMS 
 MEMBRANOUS2009    (2).jpg;HEE 
 MEMBRANOUS2009    (20).jpg;PAMS 
 MEMBRANOUS2009    (21).jpg;PAMS 
 MEMBRANOUS2009    (22).jpg;PAMS 
 MEMBRANOUS2009    (23).jpg;PAMS 
 MEMBRANOUS2009    (24).jpg;HEE 
 MEMBRANOUS2009    (25).jpg;HEE 
 MEMBRANOUS2009    (26).jpg;HEE 
 MEMBRANOUS2009    (27).jpg;HEE 
 MEMBRANOUS2009    (28).jpg;PAS 
 MEMBRANOUS2009    (29).jpg;HEE 
 MEMBRANOUS2009    (3).jpg;HEE 
 MEMBRANOUS2009    (30).jpg;HEE 
 MEMBRANOUS2009    (31).jpg;HEE 
 MEMBRANOUS2009    (32).jpg;PAS 
 MEMBRANOUS2009    (33).jpg;PAS 
 MEMBRANOUS2009    (34).jpg;PAS 
 MEMBRANOUS2009    (35).jpg;PAS 
 MEMBRANOUS2009    (36).jpg;PAS 
 MEMBRANOUS2009    (37).jpg;PAMS 
 MEMBRANOUS2009    (38).jpg;PAMS 
 MEMBRANOUS2009    (39).jpg;PAMS 
 MEMBRANOUS2009    (4).jpg;HEE 
 MEMBRANOUS2009    (40).jpg;PAS 
 MEMBRANOUS2009    (41).jpg;HEE 
 MEMBRANOUS2009    (42).jpg;HEE 
 MEMBRANOUS2009    (43).jpg;HEE 
 MEMBRANOUS2009    (44).jpg;PAS 
 MEMBRANOUS2009    (45).jpg;PAS 
 MEMBRANOUS2009    (46).jpg;PAS 
 MEMBRANOUS2009    (47).jpg;PAS 
 MEMBRANOUS2009    (48).jpg;PAMS 
 MEMBRANOUS2009    (49).jpg;PAMS 
 MEMBRANOUS2009    (5).jpg;HEE 
 MEMBRANOUS2009    (50).jpg;PAMS 
 MEMBRANOUS2009    (51).jpg;PAMS 
 MEMBRANOUS2009    (52).jpg;PAMS 
 MEMBRANOUS2009    (53).jpg;PAMS 
 MEMBRANOUS2009    (54).jpg;HEE 
 MEMBRANOUS2009    (55).jpg;HEE 
 MEMBRANOUS2009    (56).jpg;HEE 
 MEMBRANOUS2009    (57).jpg;PAS 
 MEMBRANOUS2009    (58).jpg;HEE 
 MEMBRANOUS2009    (59).jpg;HEE 
 MEMBRANOUS2009    (6).jpg;HEE 
 MEMBRANOUS2009    (60).jpg;HEE 
 MEMBRANOUS2009    (61).jpg;HEE 
 MEMBRANOUS2009    (62).jpg;HEE 
 MEMBRANOUS2009    (63).jpg;PAS 
 MEMBRANOUS2009    (64).jpg;PAS 
 MEMBRANOUS2009    (65).jpg;PAS 
 MEMBRANOUS2009    (66).jpg;PAMS 
 MEMBRANOUS2009    (67).jpg;PAMS 
 MEMBRANOUS2009    (68).jpg;PAS 
 MEMBRANOUS2009    (69).jpg;HEE 
 MEMBRANOUS2009    (7).jpg;HEE 
 MEMBRANOUS2009    (70).jpg;HEE 
 MEMBRANOUS2009    (71).jpg;HEE 
 MEMBRANOUS2009    (72).jpg;HEE 
 MEMBRANOUS2009    (73).jpg;PAS 
 MEMBRANOUS2009    (74).jpg;PAS 
 MEMBRANOUS2009    (75).jpg;PAS 
 MEMBRANOUS2009    (76).jpg;PAMS 
 MEMBRANOUS2009    (77).jpg;PAMS 
 MEMBRANOUS2009    (78).jpg;PAMS 
 MEMBRANOUS2009    (79).jpg;PAMS 
 MEMBRANOUS2009    (8).jpg;HEE 
 MEMBRANOUS2009    (80).jpg;PAMS 
 MEMBRANOUS2009    (81).jpg;PAMS 
 MEMBRANOUS2009    (82).jpg;HEE 
 MEMBRANOUS2009    (83).jpg;HEE 
 MEMBRANOUS2009    (84).jpg;HEE 
 MEMBRANOUS2009    (85).jpg;PAS 
 MEMBRANOUS2009    (86).jpg;PAS 
 MEMBRANOUS2009    (87).jpg;HEE 
 MEMBRANOUS2009    (88).jpg;PAS 
 MEMBRANOUS2009    (89).jpg;PAS 
 MEMBRANOUS2009    (9).jpg;HEE 
 MEMBRANOUS2009    (90).jpg;PAS 
 MEMBRANOUS2009    (91).jpg;PAS 
 MEMBRANOUS2009    (92).jpg;PAS 
 MEMBRANOUS2009    (93).jpg;HEE 
 MEMBRANOUS2009    (94).jpg;PAS 
 MEMBRANOUS2009    (95).jpg;PAS 
 MEMBRANOUS2009    (96).jpg;PAMS 
 MEMBRANOUS2009    (97).jpg;PAMS 
 MEMBRANOUS2009    (98).jpg;PAMS 
 MEMBRANOUS2009    (99).jpg;PAMS 
 MEMBRANOUS2010    (1).jpg;HEE 
 MEMBRANOUS2010    (10).jpg;HEE 
 MEMBRANOUS2010    (11).jpg;HEE 
 MEMBRANOUS2010    (12).jpg;HEE 
 MEMBRANOUS2010    (13).jpg;HEE 
 MEMBRANOUS2010    (14).jpg;PAS 
 MEMBRANOUS2010    (15).jpg;PAS 
 MEMBRANOUS2010    (16).jpg;PAS 
 MEMBRANOUS2010    (17).jpg;PAS 
 MEMBRANOUS2010    (18).jpg;HEE 
 MEMBRANOUS2010    (19).jpg;PAS 
 MEMBRANOUS2010    (2).jpg;HEE 
 MEMBRANOUS2010    (20).jpg;HEE 
 MEMBRANOUS2010    (21).jpg;PAS 
 MEMBRANOUS2010    (22).jpg;HEE 
 MEMBRANOUS2010    (23).jpg;PAS 
 MEMBRANOUS2010    (24).jpg;PAS 
 MEMBRANOUS2010    (25).jpg;PAS 
 MEMBRANOUS2010    (26).jpg;PAS 
 MEMBRANOUS2010    (27).jpg;PAMS 
 MEMBRANOUS2010    (28).jpg;PAMS 
 MEMBRANOUS2010    (29).jpg;PAMS 
 MEMBRANOUS2010    (3).jpg;HEE 
 MEMBRANOUS2010    (30).jpg;PAMS 
 MEMBRANOUS2010    (31).jpg;PAMS 
 MEMBRANOUS2010    (32).jpg;PAS 
 MEMBRANOUS2010    (33).jpg;HEE 
 MEMBRANOUS2010    (34).jpg;PAS 
 MEMBRANOUS2010    (35).jpg;PAS 
 MEMBRANOUS2010    (36).jpg;PAS 
 MEMBRANOUS2010    (37).jpg;PAS 
 MEMBRANOUS2010    (38).jpg;PAS 
 MEMBRANOUS2010    (39).jpg;PAMS 
 MEMBRANOUS2010    (4).jpg;HEE 
 MEMBRANOUS2010    (40).jpg;PAMS 
 MEMBRANOUS2010    (41).jpg;PAMS 
 MEMBRANOUS2010    (42).jpg;PAMS 
 MEMBRANOUS2010    (43).jpg;HEE 
 MEMBRANOUS2010    (44).jpg;HEE 
 MEMBRANOUS2010    (45).jpg;PAS 
 MEMBRANOUS2010    (46).jpg;HEE 
 MEMBRANOUS2010    (47).jpg;HEE 
 MEMBRANOUS2010    (48).jpg;HEE 
 MEMBRANOUS2010    (49).jpg;PAS 
 MEMBRANOUS2010    (5).jpg;HEE 
 MEMBRANOUS2010    (50).jpg;PAS 
 MEMBRANOUS2010    (51).jpg;HEE 
 MEMBRANOUS2010    (52).jpg;PAS 
 MEMBRANOUS2010    (53).jpg;PAS 
 MEMBRANOUS2010    (54).jpg;PAS 
 MEMBRANOUS2010    (55).jpg;PAS 
 MEMBRANOUS2010    (56).jpg;PAMS 
 MEMBRANOUS2010    (57).jpg;PAMS 
 MEMBRANOUS2010    (58).jpg;PAMS 
 MEMBRANOUS2010    (59).jpg;PAMS 
 MEMBRANOUS2010    (6).jpg;PAS 
 MEMBRANOUS2010    (60).jpg;PAMS 
 MEMBRANOUS2010    (61).jpg;PAMS 
 MEMBRANOUS2010    (62).jpg;PAS 
 MEMBRANOUS2010    (63).jpg;PAS 
 MEMBRANOUS2010    (64).jpg;PAS 
 MEMBRANOUS2010    (65).jpg;PAMS 
 MEMBRANOUS2010    (66).jpg;HEE 
 MEMBRANOUS2010    (67).jpg;PAS 
 MEMBRANOUS2010    (68).jpg;HEE 
 MEMBRANOUS2010    (69).jpg;HEE 
 MEMBRANOUS2010    (7).jpg;PAS 
 MEMBRANOUS2010    (70).jpg;PAS 
 MEMBRANOUS2010    (71).jpg;PAMS 
 MEMBRANOUS2010    (72).jpg;PAMS 
 MEMBRANOUS2010    (73).jpg;HEE 
 MEMBRANOUS2010    (74).jpg;HEE 
 MEMBRANOUS2010    (75).jpg;HEE 
 MEMBRANOUS2010    (76).jpg;PAS 
 MEMBRANOUS2010    (77).jpg;PAS 
 MEMBRANOUS2010    (78).jpg;PAS 
 MEMBRANOUS2010    (79).jpg;HEE 
 MEMBRANOUS2010    (8).jpg;PAS 
 MEMBRANOUS2010    (80).jpg;PAMS 
 MEMBRANOUS2010    (81).jpg;PAS 
 MEMBRANOUS2010    (82).jpg;HEE 
 MEMBRANOUS2010    (83).jpg;PAMS 
 MEMBRANOUS2010    (84).jpg;PAMS 
 MEMBRANOUS2010    (9).jpg;PAMS 
 MEMBRANOUS2012    (1).jpg;HEE 
 MEMBRANOUS2012    (10).jpg;HEE 
 MEMBRANOUS2012    (11).jpg;HEE 
 MEMBRANOUS2012    (12).jpg;PAMS 
 MEMBRANOUS2012    (13).jpg;PAMS 
 MEMBRANOUS2012    (14).jpg;PAMS 
 MEMBRANOUS2012    (15).jpg;PAMS 
 MEMBRANOUS2012    (16).jpg;PAMS 
 MEMBRANOUS2012    (17).jpg;HEE 
 MEMBRANOUS2012    (18).jpg;HEE 
 MEMBRANOUS2012    (19).jpg;HEE 
 MEMBRANOUS2012    (2).jpg;PAMS 
 MEMBRANOUS2012    (20).jpg;HEE 
 MEMBRANOUS2012    (21).jpg;HEE 
 MEMBRANOUS2012    (22).jpg;HEE 
 MEMBRANOUS2012    (23).jpg;HEE 
 MEMBRANOUS2012    (24).jpg;PAMS 
 MEMBRANOUS2012    (25).jpg;PAMS 
 MEMBRANOUS2012    (26).jpg;PAMS 
 MEMBRANOUS2012    (27).jpg;HEE 
 MEMBRANOUS2012    (28).jpg;HEE 
 MEMBRANOUS2012    (29).jpg;HEE 
 MEMBRANOUS2012    (3).jpg;PAMS 
 MEMBRANOUS2012    (30).jpg;HEE 
 MEMBRANOUS2012    (31).jpg;HEE 
 MEMBRANOUS2012    (32).jpg;HEE 
 MEMBRANOUS2012    (33).jpg;HEE 
 MEMBRANOUS2012    (34).jpg;HEE 
 MEMBRANOUS2012    (35).jpg;HEE 
 MEMBRANOUS2012    (36).jpg;HEE 
 MEMBRANOUS2012    (37).jpg;HEE 
 MEMBRANOUS2012    (38).jpg;HEE 
 MEMBRANOUS2012    (39).jpg;HEE 
 MEMBRANOUS2012    (4).jpg;PAMS 
 MEMBRANOUS2012    (40).jpg;HEE 
 MEMBRANOUS2012    (41).jpg;HEE 
 MEMBRANOUS2012    (42).jpg;HEE 
 MEMBRANOUS2012    (43).jpg;HEE 
 MEMBRANOUS2012    (44).jpg;HEE 
 MEMBRANOUS2012    (45).jpg;PAMS 
 MEMBRANOUS2012    (46).jpg;PAMS 
 MEMBRANOUS2012    (47).jpg;PAMS 
 MEMBRANOUS2012    (48).jpg;PAS 
 MEMBRANOUS2012    (49).jpg;PAS 
 MEMBRANOUS2012    (5).jpg;HEE 
 MEMBRANOUS2012    (50).jpg;PAS 
 MEMBRANOUS2012    (51).jpg;PAMS 
 MEMBRANOUS2012    (52).jpg;PAMS 
 MEMBRANOUS2012    (53).jpg;PAMS 
 MEMBRANOUS2012    (54).jpg;PAMS 
 MEMBRANOUS2012    (55).jpg;PAMS 
 MEMBRANOUS2012    (56).jpg;HEE 
 MEMBRANOUS2012    (57).jpg;HEE 
 MEMBRANOUS2012    (58).jpg;HEE 
 MEMBRANOUS2012    (59).jpg;HEE 
 MEMBRANOUS2012    (6).jpg;HEE 
 MEMBRANOUS2012    (60).jpg;PAMS 
 MEMBRANOUS2012    (61).jpg;PAMS 
 MEMBRANOUS2012    (62).jpg;PAMS 
 MEMBRANOUS2012    (63).jpg;PAMS 
 MEMBRANOUS2012    (64).jpg;PAMS 
 MEMBRANOUS2012    (65).jpg;HEE 
 MEMBRANOUS2012    (66).jpg;HEE 
 MEMBRANOUS2012    (67).jpg;HEE 
 MEMBRANOUS2012    (68).jpg;HEE 
 MEMBRANOUS2012    (69).jpg;HEE 
 MEMBRANOUS2012    (7).jpg;HEE 
 MEMBRANOUS2012    (70).jpg;PAMS 
 MEMBRANOUS2012    (71).jpg;PAMS 
 MEMBRANOUS2012    (72).jpg;PAMS 
 MEMBRANOUS2012    (73).jpg;HEE 
 MEMBRANOUS2012    (74).jpg;HEE 
 MEMBRANOUS2012    (75).jpg;HEE 
 MEMBRANOUS2012    (76).jpg;HEE 
 MEMBRANOUS2012    (77).jpg;HEE 
 MEMBRANOUS2012    (78).jpg;PAMS 
 MEMBRANOUS2012    (79).jpg;PAMS 
 MEMBRANOUS2012    (8).jpg;HEE 
 MEMBRANOUS2012    (80).jpg;PAMS 
 MEMBRANOUS2012    (81).jpg;PAMS 
 MEMBRANOUS2012    (82).jpg;HEE 
 MEMBRANOUS2012    (83).jpg;HEE 
 MEMBRANOUS2012    (84).jpg;HEE 
 MEMBRANOUS2012    (85).jpg;HEE 
 MEMBRANOUS2012    (86).jpg;HEE 
 MEMBRANOUS2012    (87).jpg;HEE 
 MEMBRANOUS2012    (88).jpg;HEE 
 MEMBRANOUS2012    (89).jpg;HEE 
 MEMBRANOUS2012    (9).jpg;HEE 
 MEMBRANOUS2013    (1).jpg;HEE 
 MEMBRANOUS2013    (10).jpg;PAS 
 MEMBRANOUS2013    (100).jpg;PAS 
 MEMBRANOUS2013    (101).jpg;PAMS 
 MEMBRANOUS2013    (102).jpg;PAS 
 MEMBRANOUS2013    (103).jpg;PAS 
 MEMBRANOUS2013    (104).jpg;HEE 
 MEMBRANOUS2013    (105).jpg;HEE 
 MEMBRANOUS2013    (106).jpg;PAS 
 MEMBRANOUS2013    (107).jpg;PAS 
 MEMBRANOUS2013    (108).jpg;PAS 
 MEMBRANOUS2013    (109).jpg;PAS 
 MEMBRANOUS2013    (11).jpg;PAS 
 MEMBRANOUS2013    (110).jpg;PAS 
 MEMBRANOUS2013    (111).jpg;PAS 
 MEMBRANOUS2013    (112).jpg;HEE 
 MEMBRANOUS2013    (113).jpg;HEE 
 MEMBRANOUS2013    (114).jpg;HEE 
 MEMBRANOUS2013    (115).jpg;HEE 
 MEMBRANOUS2013    (116).jpg;PAS 
 MEMBRANOUS2013    (117).jpg;PAS 
 MEMBRANOUS2013    (118).jpg;PAS 
 MEMBRANOUS2013    (119).jpg;HEE 
 MEMBRANOUS2013    (12).jpg;PAS 
 MEMBRANOUS2013    (120).jpg;PAMS 
 MEMBRANOUS2013    (121).jpg;HEE 
 MEMBRANOUS2013    (122).jpg;HEE 
 MEMBRANOUS2013    (123).jpg;HEE 
 MEMBRANOUS2013    (124).jpg;PAS 
 MEMBRANOUS2013    (125).jpg;HEE 
 MEMBRANOUS2013    (126).jpg;PAS 
 MEMBRANOUS2013    (127).jpg;PAMS 
 MEMBRANOUS2013    (128).jpg;PAMS 
 MEMBRANOUS2013    (129).jpg;PAS 
 MEMBRANOUS2013    (13).jpg;PAS 
 MEMBRANOUS2013    (130).jpg;PAS 
 MEMBRANOUS2013    (131).jpg;HEE 
 MEMBRANOUS2013    (132).jpg;HEE 
 MEMBRANOUS2013    (133).jpg;PAS 
 MEMBRANOUS2013    (134).jpg;HEE 
 MEMBRANOUS2013    (135).jpg;HEE 
 MEMBRANOUS2013    (136).jpg;HEE 
 MEMBRANOUS2013    (137).jpg;HEE 
 MEMBRANOUS2013    (138).jpg;HEE 
 MEMBRANOUS2013    (139).jpg;HEE 
 MEMBRANOUS2013    (14).jpg;PAMS 
 MEMBRANOUS2013    (140).jpg;HEE 
 MEMBRANOUS2013    (141).jpg;PAS 
 MEMBRANOUS2013    (142).jpg;PAS 
 MEMBRANOUS2013    (143).jpg;PAMS 
 MEMBRANOUS2013    (15).jpg;PAMS 
 MEMBRANOUS2013    (16).jpg;PAMS 
 MEMBRANOUS2013    (17).jpg;PAMS 
 MEMBRANOUS2013    (18).jpg;HEE 
 MEMBRANOUS2013    (19).jpg;PAS 
 MEMBRANOUS2013    (2).jpg;HEE 
 MEMBRANOUS2013    (20).jpg;HEE 
 MEMBRANOUS2013    (21).jpg;PAS 
 MEMBRANOUS2013    (22).jpg;PAS 
 MEMBRANOUS2013    (23).jpg;PAMS 
 MEMBRANOUS2013    (24).jpg;HEE 
 MEMBRANOUS2013    (25).jpg;HEE 
 MEMBRANOUS2013    (26).jpg;HEE 
 MEMBRANOUS2013    (27).jpg;PAMS 
 MEMBRANOUS2013    (28).jpg;PAMS 
 MEMBRANOUS2013    (29).jpg;PAMS 
 MEMBRANOUS2013    (3).jpg;PAS 
 MEMBRANOUS2013    (30).jpg;HEE 
 MEMBRANOUS2013    (31).jpg;HEE 
 MEMBRANOUS2013    (32).jpg;PAS 
 MEMBRANOUS2013    (33).jpg;HEE 
 MEMBRANOUS2013    (34).jpg;PAS 
 MEMBRANOUS2013    (35).jpg;HEE 
 MEMBRANOUS2013    (36).jpg;PAS 
 MEMBRANOUS2013    (37).jpg;PAS 
 MEMBRANOUS2013    (38).jpg;PAMS 
 MEMBRANOUS2013    (39).jpg;PAMS 
 MEMBRANOUS2013    (4).jpg;PAS 
 MEMBRANOUS2013    (40).jpg;PAS 
 MEMBRANOUS2013    (41).jpg;HEE 
 MEMBRANOUS2013    (42).jpg;HEE 
 MEMBRANOUS2013    (43).jpg;HEE 
 MEMBRANOUS2013    (44).jpg;HEE 
 MEMBRANOUS2013    (45).jpg;HEE 
 MEMBRANOUS2013    (46).jpg;HEE 
 MEMBRANOUS2013    (47).jpg;PAS 
 MEMBRANOUS2013    (48).jpg;PAS 
 MEMBRANOUS2013    (49).jpg;PAMS 
 MEMBRANOUS2013    (5).jpg;HEE 
 MEMBRANOUS2013    (50).jpg;PAMS 
 MEMBRANOUS2013    (51).jpg;PAMS 
 MEMBRANOUS2013    (52).jpg;PAS 
 MEMBRANOUS2013    (53).jpg;HEE 
 MEMBRANOUS2013    (54).jpg;HEE 
 MEMBRANOUS2013    (55).jpg;PAS 
 MEMBRANOUS2013    (56).jpg;PAS 
 MEMBRANOUS2013    (57).jpg;HEE 
 MEMBRANOUS2013    (58).jpg;HEE 
 MEMBRANOUS2013    (59).jpg;PAS 
 MEMBRANOUS2013    (6).jpg;PAS 
 MEMBRANOUS2013    (60).jpg;PAS 
 MEMBRANOUS2013    (61).jpg;PAS 
 MEMBRANOUS2013    (62).jpg;PAS 
 MEMBRANOUS2013    (63).jpg;PAMS 
 MEMBRANOUS2013    (64).jpg;PAS 
 MEMBRANOUS2013    (65).jpg;PAS 
 MEMBRANOUS2013    (66).jpg;HEE 
 MEMBRANOUS2013    (67).jpg;PAMS 
 MEMBRANOUS2013    (68).jpg;PAS 
 MEMBRANOUS2013    (69).jpg;PAS 
 MEMBRANOUS2013    (7).jpg;HEE 
 MEMBRANOUS2013    (70).jpg;HEE 
 MEMBRANOUS2013    (71).jpg;PAS 
 MEMBRANOUS2013    (72).jpg;HEE 
 MEMBRANOUS2013    (73).jpg;PAS 
 MEMBRANOUS2013    (74).jpg;PAMS 
 MEMBRANOUS2013    (75).jpg;PAMS 
 MEMBRANOUS2013    (76).jpg;HEE 
 MEMBRANOUS2013    (77).jpg;HEE 
 MEMBRANOUS2013    (78).jpg;HEE 
 MEMBRANOUS2013    (79).jpg;HEE 
 MEMBRANOUS2013    (8).jpg;HEE 
 MEMBRANOUS2013    (80).jpg;HEE 
 MEMBRANOUS2013    (81).jpg;HEE 
 MEMBRANOUS2013    (82).jpg;PAS 
 MEMBRANOUS2013    (83).jpg;PAS 
 MEMBRANOUS2013    (84).jpg;PAS 
 MEMBRANOUS2013    (85).jpg;PAMS 
 MEMBRANOUS2013    (86).jpg;PAMS 
 MEMBRANOUS2013    (87).jpg;PAMS 
 MEMBRANOUS2013    (88).jpg;PAS 
 MEMBRANOUS2013    (89).jpg;HEE 
 MEMBRANOUS2013    (9).jpg;HEE 
 MEMBRANOUS2013    (90).jpg;HEE 
 MEMBRANOUS2013    (91).jpg;HEE 
 MEMBRANOUS2013    (92).jpg;HEE 
 MEMBRANOUS2013    (93).jpg;HEE 
 MEMBRANOUS2013    (94).jpg;PAS 
 MEMBRANOUS2013    (95).jpg;PAS 
 MEMBRANOUS2013    (96).jpg;PAS 
 MEMBRANOUS2013    (97).jpg;PAS 
 MEMBRANOUS2013    (98).jpg;PAMS 
 MEMBRANOUS2013    (99).jpg;PAMS 
 MEMBRANOUS2014    (1).jpg;PAS 
 MEMBRANOUS2014    (10).jpg;PAS 
 MEMBRANOUS2014    (100).jpg;HEE 
 MEMBRANOUS2014    (101).jpg;HEE 
 MEMBRANOUS2014    (102).jpg;HEE 
 MEMBRANOUS2014    (103).jpg;HEE 
 MEMBRANOUS2014    (104).jpg;HEE 
 MEMBRANOUS2014    (105).jpg;HEE 
 MEMBRANOUS2014    (106).jpg;HEE 
 MEMBRANOUS2014    (107).jpg;HEE 
 MEMBRANOUS2014    (108).jpg;HEE 
 MEMBRANOUS2014    (109).jpg;PAS 
 MEMBRANOUS2014    (11).jpg;PAS 
 MEMBRANOUS2014    (110).jpg;PAS 
 MEMBRANOUS2014    (111).jpg;HEE 
 MEMBRANOUS2014    (112).jpg;HEE 
 MEMBRANOUS2014    (113).jpg;HEE 
 MEMBRANOUS2014    (114).jpg;HEE 
 MEMBRANOUS2014    (115).jpg;HEE 
 MEMBRANOUS2014    (116).jpg;HEE 
 MEMBRANOUS2014    (117).jpg;PAS 
 MEMBRANOUS2014    (118).jpg;PAS 
 MEMBRANOUS2014    (119).jpg;PAS 
 MEMBRANOUS2014    (12).jpg;PAS 
 MEMBRANOUS2014    (120).jpg;PAS 
 MEMBRANOUS2014    (121).jpg;PAS 
 MEMBRANOUS2014    (122).jpg;PAMS 
 MEMBRANOUS2014    (123).jpg;PAMS 
 MEMBRANOUS2014    (124).jpg;HEE 
 MEMBRANOUS2014    (125).jpg;HEE 
 MEMBRANOUS2014    (126).jpg;HEE 
 MEMBRANOUS2014    (127).jpg;PAS 
 MEMBRANOUS2014    (128).jpg;PAS 
 MEMBRANOUS2014    (129).jpg;PAS 
 MEMBRANOUS2014    (13).jpg;PAMS 
 MEMBRANOUS2014    (130).jpg;HEE 
 MEMBRANOUS2014    (131).jpg;PAMS 
 MEMBRANOUS2014    (132).jpg;PAS 
 MEMBRANOUS2014    (133).jpg;HEE 
 MEMBRANOUS2014    (134).jpg;HEE 
 MEMBRANOUS2014    (135).jpg;HEE 
 MEMBRANOUS2014    (136).jpg;PAS 
 MEMBRANOUS2014    (137).jpg;HEE 
 MEMBRANOUS2014    (138).jpg;HEE 
 MEMBRANOUS2014    (139).jpg;HEE 
 MEMBRANOUS2014    (14).jpg;PAMS 
 MEMBRANOUS2014    (140).jpg;PAS 
 MEMBRANOUS2014    (141).jpg;PAS 
 MEMBRANOUS2014    (142).jpg;PAS 
 MEMBRANOUS2014    (143).jpg;HEE 
 MEMBRANOUS2014    (144).jpg;HEE 
 MEMBRANOUS2014    (145).jpg;HEE 
 MEMBRANOUS2014    (146).jpg;PAS 
 MEMBRANOUS2014    (147).jpg;HEE 
 MEMBRANOUS2014    (148).jpg;PAS 
 MEMBRANOUS2014    (149).jpg;PAS 
 MEMBRANOUS2014    (15).jpg;PAMS 
 MEMBRANOUS2014    (150).jpg;PAS 
 MEMBRANOUS2014    (151).jpg;HEE 
 MEMBRANOUS2014    (152).jpg;HEE 
 MEMBRANOUS2014    (153).jpg;PAS 
 MEMBRANOUS2014    (154).jpg;PAS 
 MEMBRANOUS2014    (16).jpg;PAMS 
 MEMBRANOUS2014    (17).jpg;PAS 
 MEMBRANOUS2014    (18).jpg;PAMS 
 MEMBRANOUS2014    (19).jpg;PAMS 
 MEMBRANOUS2014    (2).jpg;HEE 
 MEMBRANOUS2014    (20).jpg;PAMS 
 MEMBRANOUS2014    (21).jpg;HEE 
 MEMBRANOUS2014    (22).jpg;HEE 
 MEMBRANOUS2014    (23).jpg;HEE 
 MEMBRANOUS2014    (24).jpg;HEE 
 MEMBRANOUS2014    (25).jpg;HEE 
 MEMBRANOUS2014    (26).jpg;PAMS 
 MEMBRANOUS2014    (27).jpg;PAMS 
 MEMBRANOUS2014    (28).jpg;PAMS 
 MEMBRANOUS2014    (29).jpg;PAMS 
 MEMBRANOUS2014    (3).jpg;HEE 
 MEMBRANOUS2014    (30).jpg;PAMS 
 MEMBRANOUS2014    (31).jpg;HEE 
 MEMBRANOUS2014    (32).jpg;PAS 
 MEMBRANOUS2014    (33).jpg;HEE 
 MEMBRANOUS2014    (34).jpg;HEE 
 MEMBRANOUS2014    (35).jpg;HEE 
 MEMBRANOUS2014    (36).jpg;HEE 
 MEMBRANOUS2014    (37).jpg;HEE 
 MEMBRANOUS2014    (38).jpg;HEE 
 MEMBRANOUS2014    (39).jpg;HEE 
 MEMBRANOUS2014    (4).jpg;HEE 
 MEMBRANOUS2014    (40).jpg;HEE 
 MEMBRANOUS2014    (41).jpg;HEE 
 MEMBRANOUS2014    (42).jpg;HEE 
 MEMBRANOUS2014    (43).jpg;PAS 
 MEMBRANOUS2014    (44).jpg;PAS 
 MEMBRANOUS2014    (45).jpg;PAS 
 MEMBRANOUS2014    (46).jpg;PAS 
 MEMBRANOUS2014    (47).jpg;PAS 
 MEMBRANOUS2014    (48).jpg;PAS 
 MEMBRANOUS2014    (49).jpg;HEE 
 MEMBRANOUS2014    (5).jpg;HEE 
 MEMBRANOUS2014    (50).jpg;PAS 
 MEMBRANOUS2014    (51).jpg;PAS 
 MEMBRANOUS2014    (52).jpg;PAS 
 MEMBRANOUS2014    (53).jpg;PAS 
 MEMBRANOUS2014    (54).jpg;HEE 
 MEMBRANOUS2014    (55).jpg;PAS 
 MEMBRANOUS2014    (56).jpg;PAS 
 MEMBRANOUS2014    (57).jpg;PAS 
 MEMBRANOUS2014    (58).jpg;PAS 
 MEMBRANOUS2014    (59).jpg;PAS 
 MEMBRANOUS2014    (6).jpg;HEE 
 MEMBRANOUS2014    (60).jpg;PAMS 
 MEMBRANOUS2014    (61).jpg;PAMS 
 MEMBRANOUS2014    (62).jpg;HEE 
 MEMBRANOUS2014    (63).jpg;PAS 
 MEMBRANOUS2014    (64).jpg;PAS 
 MEMBRANOUS2014    (65).jpg;PAMS 
 MEMBRANOUS2014    (66).jpg;PAMS 
 MEMBRANOUS2014    (67).jpg;PAMS 
 MEMBRANOUS2014    (68).jpg;PAMS 
 MEMBRANOUS2014    (69).jpg;HEE 
 MEMBRANOUS2014    (7).jpg;HEE 
 MEMBRANOUS2014    (70).jpg;HEE 
 MEMBRANOUS2014    (71).jpg;HEE 
 MEMBRANOUS2014    (72).jpg;HEE 
 MEMBRANOUS2014    (73).jpg;PAMS 
 MEMBRANOUS2014    (74).jpg;PAMS 
 MEMBRANOUS2014    (75).jpg;PAMS 
 MEMBRANOUS2014    (76).jpg;HEE 
 MEMBRANOUS2014    (77).jpg;PAS 
 MEMBRANOUS2014    (78).jpg;HEE 
 MEMBRANOUS2014    (79).jpg;HEE 
 MEMBRANOUS2014    (8).jpg;HEE 
 MEMBRANOUS2014    (80).jpg;HEE 
 MEMBRANOUS2014    (81).jpg;HEE 
 MEMBRANOUS2014    (82).jpg;PAS 
 MEMBRANOUS2014    (83).jpg;PAS 
 MEMBRANOUS2014    (84).jpg;PAS 
 MEMBRANOUS2014    (85).jpg;PAS 
 MEMBRANOUS2014    (86).jpg;HEE 
 MEMBRANOUS2014    (87).jpg;PAS 
 MEMBRANOUS2014    (88).jpg;PAS 
 MEMBRANOUS2014    (89).jpg;PAS 
 MEMBRANOUS2014    (9).jpg;HEE 
 MEMBRANOUS2014    (90).jpg;HEE 
 MEMBRANOUS2014    (91).jpg;PAS 
 MEMBRANOUS2014    (92).jpg;HEE 
 MEMBRANOUS2014    (93).jpg;HEE 
 MEMBRANOUS2014    (94).jpg;HEE 
 MEMBRANOUS2014    (95).jpg;PAS 
 MEMBRANOUS2014    (96).jpg;PAS 
 MEMBRANOUS2014    (97).jpg;PAS 
 MEMBRANOUS2014    (98).jpg;HEE 
 MEMBRANOUS2014    (99).jpg;PAS 
 MEMBRANOUS2015    (1).jpg;HEE 
 MEMBRANOUS2015    (1).TIF;HEE 
 MEMBRANOUS2015    (10).jpg;HEE 
 MEMBRANOUS2015    (10).TIF;HEE 
 MEMBRANOUS2015    (11).jpg;HEE 
 MEMBRANOUS2015    (11).TIF;HEE 
 MEMBRANOUS2015    (12).jpg;HEE 
 MEMBRANOUS2015    (12).TIF;HEE 
 MEMBRANOUS2015    (13).jpg;HEE 
 MEMBRANOUS2015    (13).TIF;HEE 
 MEMBRANOUS2015    (14).jpg;HEE 
 MEMBRANOUS2015    (14).TIF;HEE 
 MEMBRANOUS2015    (15).jpg;HEE 
 MEMBRANOUS2015    (15).TIF;HEE 
 MEMBRANOUS2015    (16).jpg;HEE 
 MEMBRANOUS2015    (16).TIF;HEE 
 MEMBRANOUS2015    (17).jpg;HEE 
 MEMBRANOUS2015    (17).TIF;HEE 
 MEMBRANOUS2015    (18).jpg;HEE 
 MEMBRANOUS2015    (18).TIF;HEE 
 MEMBRANOUS2015    (19).jpg;HEE 
 MEMBRANOUS2015    (2).jpg;HEE 
 MEMBRANOUS2015    (2).TIF;HEE 
 MEMBRANOUS2015    (20).jpg;HEE 
 MEMBRANOUS2015    (21).jpg;HEE 
 MEMBRANOUS2015    (22).jpg;HEE 
 MEMBRANOUS2015    (23).jpg;HEE 
 MEMBRANOUS2015    (24).jpg;HEE 
 MEMBRANOUS2015    (25).jpg;HEE 
 MEMBRANOUS2015    (26).jpg;HEE 
 MEMBRANOUS2015    (27).jpg;HEE 
 MEMBRANOUS2015    (28).jpg;HEE 
 MEMBRANOUS2015    (29).jpg;HEE 
 MEMBRANOUS2015    (3).jpg;HEE 
 MEMBRANOUS2015    (3).TIF;HEE 
 MEMBRANOUS2015    (30).jpg;HEE 
 MEMBRANOUS2015    (31).jpg;HEE 
 MEMBRANOUS2015    (32).jpg;HEE 
 MEMBRANOUS2015    (33).jpg;PAMS 
 MEMBRANOUS2015    (34).jpg;PAMS 
 MEMBRANOUS2015    (35).jpg;PAMS 
 MEMBRANOUS2015    (36).jpg;PAMS 
 MEMBRANOUS2015    (37).jpg;PAMS 
 MEMBRANOUS2015    (4).jpg;HEE 
 MEMBRANOUS2015    (4).TIF;HEE 
 MEMBRANOUS2015    (5).jpg;HEE 
 MEMBRANOUS2015    (5).TIF;HEE 
 MEMBRANOUS2015    (6).jpg;HEE 
 MEMBRANOUS2015    (6).TIF;HEE 
 MEMBRANOUS2015    (7).jpg;HEE 
 MEMBRANOUS2015    (7).TIF;HEE 
 MEMBRANOUS2015    (8).jpg;HEE 
 MEMBRANOUS2015    (8).TIF;HEE 
 MEMBRANOUS2015    (9).jpg;HEE 
 MEMBRANOUS2015    (9).TIF;HEE 
 MEMBRANOUS2016    (1).jpg;HEE 
 MEMBRANOUS2016    (10).jpg;HEE 
 MEMBRANOUS2016    (100).jpg;HEE 
 MEMBRANOUS2016    (101).jpg;PAS 
 MEMBRANOUS2016    (102).jpg;PAS 
 MEMBRANOUS2016    (103).jpg;PAS 
 MEMBRANOUS2016    (104).jpg;PAS 
 MEMBRANOUS2016    (105).jpg;HEE 
 MEMBRANOUS2016    (106).jpg;PAS 
 MEMBRANOUS2016    (107).jpg;PAS 
 MEMBRANOUS2016    (108).jpg;PAS 
 MEMBRANOUS2016    (109).jpg;PAS 
 MEMBRANOUS2016    (11).jpg;PAMS 
 MEMBRANOUS2016    (110).jpg;PAS 
 MEMBRANOUS2016    (111).jpg;PAS 
 MEMBRANOUS2016    (112).jpg;PAMS 
 MEMBRANOUS2016    (113).jpg;PAMS 
 MEMBRANOUS2016    (114).jpg;PAMS 
 MEMBRANOUS2016    (115).jpg;PAMS 
 MEMBRANOUS2016    (116).jpg;PAMS 
 MEMBRANOUS2016    (117).jpg;HEE 
 MEMBRANOUS2016    (118).jpg;HEE 
 MEMBRANOUS2016    (119).jpg;HEE 
 MEMBRANOUS2016    (12).jpg;PAMS 
 MEMBRANOUS2016    (120).jpg;HEE 
 MEMBRANOUS2016    (121).jpg;HEE 
 MEMBRANOUS2016    (122).jpg;HEE 
 MEMBRANOUS2016    (123).jpg;HEE 
 MEMBRANOUS2016    (124).jpg;HEE 
 MEMBRANOUS2016    (125).jpg;HEE 
 MEMBRANOUS2016    (126).jpg;HEE 
 MEMBRANOUS2016    (13).jpg;PAMS 
 MEMBRANOUS2016    (14).jpg;PAS 
 MEMBRANOUS2016    (15).jpg;PAS 
 MEMBRANOUS2016    (16).jpg;PAS 
 MEMBRANOUS2016    (17).jpg;PAS 
 MEMBRANOUS2016    (18).jpg;PAS 
 MEMBRANOUS2016    (19).jpg;HEE 
 MEMBRANOUS2016    (2).jpg;HEE 
 MEMBRANOUS2016    (20).jpg;HEE 
 MEMBRANOUS2016    (21).jpg;HEE 
 MEMBRANOUS2016    (22).jpg;HEE 
 MEMBRANOUS2016    (23).jpg;HEE 
 MEMBRANOUS2016    (24).jpg;HEE 
 MEMBRANOUS2016    (25).jpg;HEE 
 MEMBRANOUS2016    (26).jpg;HEE 
 MEMBRANOUS2016    (27).jpg;HEE 
 MEMBRANOUS2016    (28).jpg;HEE 
 MEMBRANOUS2016    (29).jpg;HEE 
 MEMBRANOUS2016    (3).jpg;HEE 
 MEMBRANOUS2016    (30).jpg;HEE 
 MEMBRANOUS2016    (31).jpg;HEE 
 MEMBRANOUS2016    (32).jpg;HEE 
 MEMBRANOUS2016    (33).jpg;HEE 
 MEMBRANOUS2016    (34).jpg;HEE 
 MEMBRANOUS2016    (35).jpg;HEE 
 MEMBRANOUS2016    (36).jpg;HEE 
 MEMBRANOUS2016    (37).jpg;HEE 
 MEMBRANOUS2016    (38).jpg;HEE 
 MEMBRANOUS2016    (39).jpg;HEE 
 MEMBRANOUS2016    (4).jpg;HEE 
 MEMBRANOUS2016    (40).jpg;HEE 
 MEMBRANOUS2016    (41).jpg;HEE 
 MEMBRANOUS2016    (42).jpg;HEE 
 MEMBRANOUS2016    (43).jpg;HEE 
 MEMBRANOUS2016    (44).jpg;HEE 
 MEMBRANOUS2016    (45).jpg;HEE 
 MEMBRANOUS2016    (46).jpg;HEE 
 MEMBRANOUS2016    (47).jpg;HEE 
 MEMBRANOUS2016    (48).jpg;HEE 
 MEMBRANOUS2016    (49).jpg;PAS 
 MEMBRANOUS2016    (5).jpg;HEE 
 MEMBRANOUS2016    (50).jpg;PAS 
 MEMBRANOUS2016    (51).jpg;PAS 
 MEMBRANOUS2016    (52).jpg;PAS 
 MEMBRANOUS2016    (53).jpg;PAS 
 MEMBRANOUS2016    (54).jpg;PAS 
 MEMBRANOUS2016    (55).jpg;PAS 
 MEMBRANOUS2016    (56).jpg;PAS 
 MEMBRANOUS2016    (57).jpg;PAS 
 MEMBRANOUS2016    (58).jpg;PAS 
 MEMBRANOUS2016    (59).jpg;PAS 
 MEMBRANOUS2016    (6).jpg;PAS 
 MEMBRANOUS2016    (60).jpg;PAS 
 MEMBRANOUS2016    (61).jpg;PAS 
 MEMBRANOUS2016    (62).jpg;PAS 
 MEMBRANOUS2016    (63).jpg;PAMS 
 MEMBRANOUS2016    (64).jpg;PAMS 
 MEMBRANOUS2016    (65).jpg;PAMS 
 MEMBRANOUS2016    (66).jpg;PAS 
 MEMBRANOUS2016    (67).jpg;PAMS 
 MEMBRANOUS2016    (68).jpg;PAS 
 MEMBRANOUS2016    (69).jpg;PAS 
 MEMBRANOUS2016    (7).jpg;HEE 
 MEMBRANOUS2016    (70).jpg;PAS 
 MEMBRANOUS2016    (71).jpg;PAS 
 MEMBRANOUS2016    (72).jpg;PAMS 
 MEMBRANOUS2016    (73).jpg;PAMS 
 MEMBRANOUS2016    (74).jpg;PAMS 
 MEMBRANOUS2016    (75).jpg;PAMS 
 MEMBRANOUS2016    (76).jpg;PAS 
 MEMBRANOUS2016    (77).jpg;PAS 
 MEMBRANOUS2016    (78).jpg;PAS 
 MEMBRANOUS2016    (79).jpg;PAS 
 MEMBRANOUS2016    (8).jpg;HEE 
 MEMBRANOUS2016    (80).jpg;PAS 
 MEMBRANOUS2016    (81).jpg;PAS 
 MEMBRANOUS2016    (82).jpg;PAS 
 MEMBRANOUS2016    (83).jpg;PAMS 
 MEMBRANOUS2016    (84).jpg;PAMS 
 MEMBRANOUS2016    (85).jpg;PAMS 
 MEMBRANOUS2016    (86).jpg;PAMS 
 MEMBRANOUS2016    (87).jpg;PAMS 
 MEMBRANOUS2016    (88).jpg;PAS 
 MEMBRANOUS2016    (89).jpg;PAS 
 MEMBRANOUS2016    (9).jpg;HEE 
 MEMBRANOUS2016    (90).jpg;HEE 
 MEMBRANOUS2016    (91).jpg;HEE 
 MEMBRANOUS2016    (92).jpg;HEE 
 MEMBRANOUS2016    (93).jpg;PAS 
 MEMBRANOUS2016    (94).jpg;HEE 
 MEMBRANOUS2016    (95).jpg;HEE 
 MEMBRANOUS2016    (96).jpg;HEE 
 MEMBRANOUS2016    (97).jpg;HEE 
 MEMBRANOUS2016    (98).jpg;HEE 
 MEMBRANOUS2016    (99).jpg;PAS 
 MEMBRANOUS2017    (1).jpg;HEE 
 MEMBRANOUS2017    (10).jpg;HEE 
 MEMBRANOUS2017    (11).jpg;HEE 
 MEMBRANOUS2017    (12).jpg;HEE 
 MEMBRANOUS2017    (13).jpg;HEE 
 MEMBRANOUS2017    (14).jpg;HEE 
 MEMBRANOUS2017    (15).jpg;HEE 
 MEMBRANOUS2017    (16).jpg;HEE 
 MEMBRANOUS2017    (17).jpg;HEE 
 MEMBRANOUS2017    (18).jpg;HEE 
 MEMBRANOUS2017    (19).jpg;HEE 
 MEMBRANOUS2017    (2).jpg;HEE 
 MEMBRANOUS2017    (20).jpg;HEE 
 MEMBRANOUS2017    (21).jpg;HEE 
 MEMBRANOUS2017    (22).jpg;HEE 
 MEMBRANOUS2017    (23).jpg;HEE 
 MEMBRANOUS2017    (24).jpg;PAS 
 MEMBRANOUS2017    (25).jpg;HEE 
 MEMBRANOUS2017    (26).jpg;HEE 
 MEMBRANOUS2017    (27).jpg;HEE 
 MEMBRANOUS2017    (28).jpg;PAS 
 MEMBRANOUS2017    (29).jpg;HEE 
 MEMBRANOUS2017    (3).jpg;HEE 
 MEMBRANOUS2017    (30).jpg;PAS 
 MEMBRANOUS2017    (31).jpg;HEE 
 MEMBRANOUS2017    (32).jpg;PAS 
 MEMBRANOUS2017    (33).jpg;HEE 
 MEMBRANOUS2017    (34).jpg;HEE 
 MEMBRANOUS2017    (35).jpg;PAS 
 MEMBRANOUS2017    (36).jpg;HEE 
 MEMBRANOUS2017    (37).jpg;HEE 
 MEMBRANOUS2017    (38).jpg;HEE 
 MEMBRANOUS2017    (39).jpg;HEE 
 MEMBRANOUS2017    (4).jpg;HEE 
 MEMBRANOUS2017    (40).jpg;HEE 
 MEMBRANOUS2017    (41).jpg;HEE 
 MEMBRANOUS2017    (42).jpg;HEE 
 MEMBRANOUS2017    (43).jpg;HEE 
 MEMBRANOUS2017    (44).jpg;HEE 
 MEMBRANOUS2017    (45).jpg;HEE 
 MEMBRANOUS2017    (46).jpg;HEE 
 MEMBRANOUS2017    (47).jpg;HEE 
 MEMBRANOUS2017    (48).jpg;PAS 
 MEMBRANOUS2017    (49).jpg;PAS 
 MEMBRANOUS2017    (5).jpg;HEE 
 MEMBRANOUS2017    (50).jpg;PAS 
 MEMBRANOUS2017    (51).jpg;HEE 
 MEMBRANOUS2017    (52).jpg;HEE 
 MEMBRANOUS2017    (53).jpg;HEE 
 MEMBRANOUS2017    (54).jpg;HEE 
 MEMBRANOUS2017    (55).jpg;HEE 
 MEMBRANOUS2017    (56).jpg;HEE 
 MEMBRANOUS2017    (57).jpg;PAS 
 MEMBRANOUS2017    (58).jpg;HEE 
 MEMBRANOUS2017    (59).jpg;HEE 
 MEMBRANOUS2017    (6).jpg;HEE 
 MEMBRANOUS2017    (60).jpg;HEE 
 MEMBRANOUS2017    (61).jpg;HEE 
 MEMBRANOUS2017    (62).jpg;HEE 
 MEMBRANOUS2017    (63).jpg;PAS 
 MEMBRANOUS2017    (64).jpg;HEE 
 MEMBRANOUS2017    (65).jpg;PAS 
 MEMBRANOUS2017    (66).jpg;HEE 
 MEMBRANOUS2017    (67).jpg;HEE 
 MEMBRANOUS2017    (68).jpg;HEE 
 MEMBRANOUS2017    (69).jpg;HEE 
 MEMBRANOUS2017    (7).jpg;HEE 
 MEMBRANOUS2017    (70).jpg;HEE 
 MEMBRANOUS2017    (71).jpg;HEE 
 MEMBRANOUS2017    (72).jpg;HEE 
 MEMBRANOUS2017    (73).jpg;HEE 
 MEMBRANOUS2017    (74).jpg;HEE 
 MEMBRANOUS2017    (75).jpg;HEE 
 MEMBRANOUS2017    (76).jpg;HEE 
 MEMBRANOUS2017    (77).jpg;HEE 
 MEMBRANOUS2017    (78).jpg;HEE 
 MEMBRANOUS2017    (8).jpg;HEE 
 MEMBRANOUS2017    (9).jpg;HEE 
