 GROUP;NAME;A(AVERAGE);A(MEDIAN);H(AVERAGE);H(MEDIAN); 
 MEMBRANOUS  DATASET;MEMBRANOUS2009  (1).jpg;22.8058;    24;316.7109;339.0556 
 MEMBRANOUS  DATASET;MEMBRANOUS2009  (10).jpg;24.7920;    25;323.3051;342.6073 
 MEMBRANOUS  DATASET;MEMBRANOUS2009  (100).jpg;6.1111;      5;154.9336;69.0385 
 MEMBRANOUS  DATASET;MEMBRANOUS2009  (101).jpg;6.8253;      7;105.0474;30.4811 
 MEMBRANOUS  DATASET;MEMBRANOUS2009  (102).jpg;5.7754;      5;142.7432;64.1071 
 MEMBRANOUS  DATASET;MEMBRANOUS2009  (103).jpg;5.6994;      5;141.6915;52.7941 
 MEMBRANOUS  DATASET;MEMBRANOUS2009  (104).jpg;5.5583;      5;146.8311;64.8194 
 MEMBRANOUS  DATASET;MEMBRANOUS2009  (105).jpg;5.5024;      5;155.6814;78.3273 
 MEMBRANOUS  DATASET;MEMBRANOUS2009  (106).jpg;6.3084;      6;119.7697;34.8284 
 MEMBRANOUS  DATASET;MEMBRANOUS2009  (107).jpg;25.1980;    27;294.3946;349.0278 
 MEMBRANOUS  DATASET;MEMBRANOUS2009  (108).jpg;28.0145;    29;287.2428;352.3519 
 MEMBRANOUS  DATASET;MEMBRANOUS2009  (109).jpg;22.9394;    24;304.5096;351.1530 
 MEMBRANOUS  DATASET;MEMBRANOUS2009  (11).jpg;21.1028;    21;312.8810;326.3636 
 MEMBRANOUS  DATASET;MEMBRANOUS2009  (110).jpg;22.7827;    24;297.2442;351.1272 
 MEMBRANOUS  DATASET;MEMBRANOUS2009  (111).jpg;25.2400;    26;299.3306;352.2582 
 MEMBRANOUS  DATASET;MEMBRANOUS2009  (112).jpg;27.1308;    28;298.1301;351.6359 
 MEMBRANOUS  DATASET;MEMBRANOUS2009  (113).jpg;23.9036;    25;280.4347;349.5526 
 MEMBRANOUS  DATASET;MEMBRANOUS2009  (114).jpg;23.2520;    24;316.7247;333.3571 
 MEMBRANOUS  DATASET;MEMBRANOUS2009  (115).jpg;22.0315;    21;308.1108;340.7458 
 MEMBRANOUS  DATASET;MEMBRANOUS2009  (116).jpg;24.0365;    25;321.1378;332.4074 
 MEMBRANOUS  DATASET;MEMBRANOUS2009  (117).jpg;23.4559;    24;323.0399;333.5154 
 MEMBRANOUS  DATASET;MEMBRANOUS2009  (118).jpg;22.3246;    21;317.7284;340.7458 
 MEMBRANOUS  DATASET;MEMBRANOUS2009  (119).jpg;3.3266;      3;192.0109;245.0317 
 MEMBRANOUS  DATASET;MEMBRANOUS2009  (12).jpg;22.2346;    21;306.2965;332.0329 
 MEMBRANOUS  DATASET;MEMBRANOUS2009  (120).jpg;2.9842;      3;188.4032;229.3611 
 MEMBRANOUS  DATASET;MEMBRANOUS2009  (121).jpg;3.9020;      4;129.1958;40.9386 
 MEMBRANOUS  DATASET;MEMBRANOUS2009  (122).jpg;2.9724;      2;183.6727;239.3333 
 MEMBRANOUS  DATASET;MEMBRANOUS2009  (123).jpg;2.9344;      2;184.6684;227.3667 
 MEMBRANOUS  DATASET;MEMBRANOUS2009  (124).jpg;25.0391;    27;308.4786;343.4589 
 MEMBRANOUS  DATASET;MEMBRANOUS2009  (125).jpg;24.8746;    27;298.8866;343.4269 
 MEMBRANOUS  DATASET;MEMBRANOUS2009  (126).jpg;23.6478;    24;259.9463;345.5543 
 MEMBRANOUS  DATASET;MEMBRANOUS2009  (127).jpg;23.9876;    25;256.3035;343.0444 
 MEMBRANOUS  DATASET;MEMBRANOUS2009  (128).jpg;22.9045;    23;252.7548;346.0241 
 MEMBRANOUS  DATASET;MEMBRANOUS2009  (129).jpg;23.4377;    24;262.6792;346.2695 
 MEMBRANOUS  DATASET;MEMBRANOUS2009  (13).jpg;24.3440;    25;311.4063;325.2911 
 MEMBRANOUS  DATASET;MEMBRANOUS2009  (130).jpg;19.2232;    18;276.2010;329.8504 
 MEMBRANOUS  DATASET;MEMBRANOUS2009  (131).jpg;18.4157;    17;260.3673;336.5625 
 MEMBRANOUS  DATASET;MEMBRANOUS2009  (132).jpg;18.6017;    17;249.0161;334.5227 
 MEMBRANOUS  DATASET;MEMBRANOUS2009  (133).jpg;18.3564;    18;264.4475;330.0484 
 MEMBRANOUS  DATASET;MEMBRANOUS2009  (134).jpg;18.7083;    17;271.3606;334.6927 
 MEMBRANOUS  DATASET;MEMBRANOUS2009  (135).jpg;6.6105;      6;109.5877;25.3838 
 MEMBRANOUS  DATASET;MEMBRANOUS2009  (136).jpg;6.0101;      5;118.8383;35.1961 
 MEMBRANOUS  DATASET;MEMBRANOUS2009  (137).jpg;5.6477;      4;121.2653;39.1218 
 MEMBRANOUS  DATASET;MEMBRANOUS2009  (138).jpg;6.6265;      7;88.6840;26.7675 
 MEMBRANOUS  DATASET;MEMBRANOUS2009  (139).jpg;5.8275;      5;114.9876;32.9083 
 MEMBRANOUS  DATASET;MEMBRANOUS2009  (14).jpg;25.9232;    26;310.2704;330.1392 
 MEMBRANOUS  DATASET;MEMBRANOUS2009  (140).jpg;24.5149;    26;258.1713;348.5529 
 MEMBRANOUS  DATASET;MEMBRANOUS2009  (15).jpg;6.2492;      6;101.9582;30.9851 
 MEMBRANOUS  DATASET;MEMBRANOUS2009  (16).jpg;4.0372;      4;108.0637;33.9056 
 MEMBRANOUS  DATASET;MEMBRANOUS2009  (17).jpg;4.4573;      4;124.2631;47.0119 
 MEMBRANOUS  DATASET;MEMBRANOUS2009  (18).jpg;5.9418;      6;91.8864;30.7714 
 MEMBRANOUS  DATASET;MEMBRANOUS2009  (19).jpg;4.1020;      4;132.7561;59.8333 
 MEMBRANOUS  DATASET;MEMBRANOUS2009  (2).jpg;25.4426;    27;329.0445;342.0906 
 MEMBRANOUS  DATASET;MEMBRANOUS2009  (20).jpg;5.2055;      4;121.3683;44.3925 
 MEMBRANOUS  DATASET;MEMBRANOUS2009  (21).jpg;4.1593;      4;130.3413;51.2857 
 MEMBRANOUS  DATASET;MEMBRANOUS2009  (22).jpg;3.5673;      3;123.0409;47.8667 
 MEMBRANOUS  DATASET;MEMBRANOUS2009  (23).jpg;5.1380;      5;101.2865;34.6404 
 MEMBRANOUS  DATASET;MEMBRANOUS2009  (24).jpg;13.5526;    14;274.3541;338.4323 
 MEMBRANOUS  DATASET;MEMBRANOUS2009  (25).jpg;16.8892;    18;285.9538;335.7993 
 MEMBRANOUS  DATASET;MEMBRANOUS2009  (26).jpg;16.7652;    17;294.2110;339.0556 
 MEMBRANOUS  DATASET;MEMBRANOUS2009  (27).jpg;16.4474;    17;283.4160;340.5221 
 MEMBRANOUS  DATASET;MEMBRANOUS2009  (28).jpg;16.0310;    17;297.5839;336.7092 
 MEMBRANOUS  DATASET;MEMBRANOUS2009  (29).jpg;14.3192;    16;266.0205;339.0556 
 MEMBRANOUS  DATASET;MEMBRANOUS2009  (3).jpg;25.5691;    27;323.2484;340.7458 
 MEMBRANOUS  DATASET;MEMBRANOUS2009  (30).jpg;15.6164;    16;299.5604;341.3220 
 MEMBRANOUS  DATASET;MEMBRANOUS2009  (31).jpg;22.4573;    22;312.4804;331.5764 
 MEMBRANOUS  DATASET;MEMBRANOUS2009  (32).jpg;21.5751;    21;302.2559;327.7026 
 MEMBRANOUS  DATASET;MEMBRANOUS2009  (33).jpg;21.0537;    21;304.6286;326.7821 
 MEMBRANOUS  DATASET;MEMBRANOUS2009  (34).jpg;20.8581;    20;305.3321;332.6733 
 MEMBRANOUS  DATASET;MEMBRANOUS2009  (35).jpg;22.8566;    22;314.9421;333.7578 
 MEMBRANOUS  DATASET;MEMBRANOUS2009  (36).jpg;21.8266;    21;306.9134;333.7183 
 MEMBRANOUS  DATASET;MEMBRANOUS2009  (37).jpg;3.0461;      3;132.2626;54.3939 
 MEMBRANOUS  DATASET;MEMBRANOUS2009  (38).jpg;3.2508;      3;134.3888;59.8333 
 MEMBRANOUS  DATASET;MEMBRANOUS2009  (39).jpg;4.8795;      5;73.5382;26.3267 
 MEMBRANOUS  DATASET;MEMBRANOUS2009  (4).jpg;23.1526;    24;320.2373;341.1550 
 MEMBRANOUS  DATASET;MEMBRANOUS2009  (40).jpg;19.2551;    16;254.8268;329.0833 
 MEMBRANOUS  DATASET;MEMBRANOUS2009  (41).jpg;24.9275;    27;285.0290;348.4887 
 MEMBRANOUS  DATASET;MEMBRANOUS2009  (42).jpg;23.8147;    25;260.1851;346.3081 
 MEMBRANOUS  DATASET;MEMBRANOUS2009  (43).jpg;22.5598;    24;251.0254;342.7409 
 MEMBRANOUS  DATASET;MEMBRANOUS2009  (44).jpg;22.1001;    22;274.9104;331.3271 
 MEMBRANOUS  DATASET;MEMBRANOUS2009  (45).jpg;21.2061;    19;264.7425;336.9077 
 MEMBRANOUS  DATASET;MEMBRANOUS2009  (46).jpg;21.6141;    21;277.8378;331.0778 
 MEMBRANOUS  DATASET;MEMBRANOUS2009  (47).jpg;18.5263;    17;248.2721;336.4214 
 MEMBRANOUS  DATASET;MEMBRANOUS2009  (48).jpg;5.8014;      5;156.7558;77.9225 
 MEMBRANOUS  DATASET;MEMBRANOUS2009  (49).jpg;5.2245;      4;119.5142;38.6022 
 MEMBRANOUS  DATASET;MEMBRANOUS2009  (5).jpg;25.2958;    26;324.3157;344.5242 
 MEMBRANOUS  DATASET;MEMBRANOUS2009  (50).jpg;6.7871;      6;86.1746;29.3301 
 MEMBRANOUS  DATASET;MEMBRANOUS2009  (51).jpg;5.1490;      4;126.7322;39.8889 
 MEMBRANOUS  DATASET;MEMBRANOUS2009  (52).jpg;5.5351;      4;140.1187;53.1852 
 MEMBRANOUS  DATASET;MEMBRANOUS2009  (53).jpg;7.2494;      7;79.4514;26.8483 
 MEMBRANOUS  DATASET;MEMBRANOUS2009  (54).jpg;21.0356;    22;267.5885;342.6171 
 MEMBRANOUS  DATASET;MEMBRANOUS2009  (55).jpg;20.8738;    22;275.3927;343.3913 
 MEMBRANOUS  DATASET;MEMBRANOUS2009  (56).jpg;23.3623;    25;248.3618;344.5575 
 MEMBRANOUS  DATASET;MEMBRANOUS2009  (57).jpg;20.1637;    21;230.4923;339.0556 
 MEMBRANOUS  DATASET;MEMBRANOUS2009  (58).jpg;21.8048;    23;255.5622;338.7339 
 MEMBRANOUS  DATASET;MEMBRANOUS2009  (59).jpg;19.8024;    22;254.6745;336.1545 
 MEMBRANOUS  DATASET;MEMBRANOUS2009  (6).jpg;23.6380;    25;295.5936;338.5863 
 MEMBRANOUS  DATASET;MEMBRANOUS2009  (60).jpg;20.4253;    22;275.9112;340.6511 
 MEMBRANOUS  DATASET;MEMBRANOUS2009  (61).jpg;23.9174;    26;286.1235;343.3913 
 MEMBRANOUS  DATASET;MEMBRANOUS2009  (62).jpg;21.0853;    23;268.3485;342.5242 
 MEMBRANOUS  DATASET;MEMBRANOUS2009  (63).jpg;19.6546;    18;264.8223;334.2414 
 MEMBRANOUS  DATASET;MEMBRANOUS2009  (64).jpg;19.2060;    18;277.0529;331.0778 
 MEMBRANOUS  DATASET;MEMBRANOUS2009  (65).jpg;19.4064;    18;275.2705;334.5227 
 MEMBRANOUS  DATASET;MEMBRANOUS2009  (66).jpg;3.8387;      4;103.5335;33.0115 
 MEMBRANOUS  DATASET;MEMBRANOUS2009  (67).jpg;3.1464;      3;115.2778;43.3276 
 MEMBRANOUS  DATASET;MEMBRANOUS2009  (68).jpg;22.6573;    24;303.1073;342.6073 
 MEMBRANOUS  DATASET;MEMBRANOUS2009  (69).jpg;20.3636;    21;300.6969;341.5486 
 MEMBRANOUS  DATASET;MEMBRANOUS2009  (7).jpg;21.4126;    23;322.9406;341.4020 
 MEMBRANOUS  DATASET;MEMBRANOUS2009  (70).jpg;21.7509;    23;293.9923;342.3796 
 MEMBRANOUS  DATASET;MEMBRANOUS2009  (71).jpg;24.0882;    25;293.5207;344.5957 
 MEMBRANOUS  DATASET;MEMBRANOUS2009  (72).jpg;24.5859;    26;274.6409;346.3081 
 MEMBRANOUS  DATASET;MEMBRANOUS2009  (73).jpg;20.7671;    20;271.7302;332.1361 
 MEMBRANOUS  DATASET;MEMBRANOUS2009  (74).jpg;22.3773;    23;290.0508;325.2911 
 MEMBRANOUS  DATASET;MEMBRANOUS2009  (75).jpg;19.6557;    19;281.8860;333.7578 
 MEMBRANOUS  DATASET;MEMBRANOUS2009  (76).jpg;4.7992;      4;145.5038;70.2391 
 MEMBRANOUS  DATASET;MEMBRANOUS2009  (77).jpg;5.1362;      5;140.5091;46.3708 
 MEMBRANOUS  DATASET;MEMBRANOUS2009  (78).jpg;4.8807;      4;144.0895;70.3922 
 MEMBRANOUS  DATASET;MEMBRANOUS2009  (79).jpg;4.4113;      4;139.7441;51.0343 
 MEMBRANOUS  DATASET;MEMBRANOUS2009  (8).jpg;23.8651;    24;323.3681;345.1101 
 MEMBRANOUS  DATASET;MEMBRANOUS2009  (80).jpg;5.4057;      5;156.4775;86.0104 
 MEMBRANOUS  DATASET;MEMBRANOUS2009  (81).jpg;6.4564;      7;94.4329;26.7675 
 MEMBRANOUS  DATASET;MEMBRANOUS2009  (82).jpg;25.9250;    27;316.9756;351.1272 
 MEMBRANOUS  DATASET;MEMBRANOUS2009  (83).jpg;26.4160;    28;266.8774;351.3469 
 MEMBRANOUS  DATASET;MEMBRANOUS2009  (84).jpg;26.4507;    27;294.2713;350.7729 
 MEMBRANOUS  DATASET;MEMBRANOUS2009  (85).jpg;25.8442;    27;253.0838;352.7384 
 MEMBRANOUS  DATASET;MEMBRANOUS2009  (86).jpg;25.8615;    27;246.9179;351.4021 
 MEMBRANOUS  DATASET;MEMBRANOUS2009  (87).jpg;25.7861;    27;256.6571;349.0278 
 MEMBRANOUS  DATASET;MEMBRANOUS2009  (88).jpg;24.8062;    25;307.4005;331.3159 
 MEMBRANOUS  DATASET;MEMBRANOUS2009  (89).jpg;24.4599;    23;306.7467;337.1689 
 MEMBRANOUS  DATASET;MEMBRANOUS2009  (9).jpg;23.7104;    25;305.7910;343.4877 
 MEMBRANOUS  DATASET;MEMBRANOUS2009  (90).jpg;26.6034;    27;321.8730;331.3846 
 MEMBRANOUS  DATASET;MEMBRANOUS2009  (91).jpg;26.6419;    28;310.2618;331.2724 
 MEMBRANOUS  DATASET;MEMBRANOUS2009  (92).jpg;27.0200;    28;312.3584;331.2724 
 MEMBRANOUS  DATASET;MEMBRANOUS2009  (93).jpg;25.4083;    26;313.2123;332.1361 
 MEMBRANOUS  DATASET;MEMBRANOUS2009  (94).jpg;26.4229;    28;314.9047;331.0778 
 MEMBRANOUS  DATASET;MEMBRANOUS2009  (95).jpg;25.0432;    25;296.3572;335.5211 
 MEMBRANOUS  DATASET;MEMBRANOUS2009  (96).jpg;5.4449;      5;147.9448;57.9032 
 MEMBRANOUS  DATASET;MEMBRANOUS2009  (97).jpg;5.4732;      5;160.2019;79.1912 
 MEMBRANOUS  DATASET;MEMBRANOUS2009  (98).jpg;5.2712;      5;165.8943;131.6333 
 MEMBRANOUS  DATASET;MEMBRANOUS2009  (99).jpg;6.3337;      7;133.4675;48.6146 
 MEMBRANOUS  DATASET;MEMBRANOUS2010  (1).jpg;29.4422;    31;308.9626;349.4811 
 MEMBRANOUS  DATASET;MEMBRANOUS2010  (10).jpg;22.4832;    24;270.5739;340.7899 
 MEMBRANOUS  DATASET;MEMBRANOUS2010  (11).jpg;27.2133;    29;283.3240;348.1212 
 MEMBRANOUS  DATASET;MEMBRANOUS2010  (12).jpg;29.7254;    31;302.9887;349.5526 
 MEMBRANOUS  DATASET;MEMBRANOUS2010  (13).jpg;26.6117;    28;294.0353;347.8223 
 MEMBRANOUS  DATASET;MEMBRANOUS2010  (14).jpg;20.5968;    20;294.1065;335.3621 
 MEMBRANOUS  DATASET;MEMBRANOUS2010  (15).jpg;21.3137;    23;280.2473;329.5299 
 MEMBRANOUS  DATASET;MEMBRANOUS2010  (16).jpg;16.8841;    16;262.1959;329.0833 
 MEMBRANOUS  DATASET;MEMBRANOUS2010  (17).jpg;15.1515;    14;239.0499;327.4515 
 MEMBRANOUS  DATASET;MEMBRANOUS2010  (18).jpg;17.5446;    18;301.7799;338.5307 
 MEMBRANOUS  DATASET;MEMBRANOUS2010  (19).jpg;21.2138;    22;267.7221;343.0949 
 MEMBRANOUS  DATASET;MEMBRANOUS2010  (2).jpg;26.9826;    29;299.8215;348.2607 
 MEMBRANOUS  DATASET;MEMBRANOUS2010  (20).jpg;19.4094;    19;267.4061;345.9928 
 MEMBRANOUS  DATASET;MEMBRANOUS2010  (21).jpg;15.3375;    16;260.9010;339.0556 
 MEMBRANOUS  DATASET;MEMBRANOUS2010  (22).jpg;15.0665;    15;261.6822;336.6893 
 MEMBRANOUS  DATASET;MEMBRANOUS2010  (23).jpg;19.3085;    19;292.5169;327.3899 
 MEMBRANOUS  DATASET;MEMBRANOUS2010  (24).jpg;19.0634;    18;291.8179;327.3738 
 MEMBRANOUS  DATASET;MEMBRANOUS2010  (25).jpg;17.8472;    16;278.0863;333.6162 
 MEMBRANOUS  DATASET;MEMBRANOUS2010  (26).jpg;17.3182;    15;255.0800;332.1361 
 MEMBRANOUS  DATASET;MEMBRANOUS2010  (27).jpg;5.0760;      5;158.0141;80.4010 
 MEMBRANOUS  DATASET;MEMBRANOUS2010  (28).jpg;5.1765;      5;166.7121;119.6667 
 MEMBRANOUS  DATASET;MEMBRANOUS2010  (29).jpg;5.1150;      5;130.4231;34.1905 
 MEMBRANOUS  DATASET;MEMBRANOUS2010  (3).jpg;17.5967;    18;276.7001;345.5375 
 MEMBRANOUS  DATASET;MEMBRANOUS2010  (30).jpg;4.8887;      5;120.7068;29.9167 
 MEMBRANOUS  DATASET;MEMBRANOUS2010  (31).jpg;6.5202;      6;98.6468;26.7675 
 MEMBRANOUS  DATASET;MEMBRANOUS2010  (32).jpg;19.2129;    20;278.1591;336.8038 
 MEMBRANOUS  DATASET;MEMBRANOUS2010  (33).jpg;22.1528;    23;284.4884;343.3913 
 MEMBRANOUS  DATASET;MEMBRANOUS2010  (34).jpg;20.5810;    19;283.6702;329.8504 
 MEMBRANOUS  DATASET;MEMBRANOUS2010  (35).jpg;21.2768;    21;299.3487;324.2967 
 MEMBRANOUS  DATASET;MEMBRANOUS2010  (36).jpg;19.6401;    18;291.7761;329.9381 
 MEMBRANOUS  DATASET;MEMBRANOUS2010  (37).jpg;19.3178;    18;291.4127;332.0329 
 MEMBRANOUS  DATASET;MEMBRANOUS2010  (38).jpg;18.7336;    17;277.0014;331.0778 
 MEMBRANOUS  DATASET;MEMBRANOUS2010  (39).jpg;5.2432;      4;149.3465;61.7031 
 MEMBRANOUS  DATASET;MEMBRANOUS2010  (4).jpg;14.5375;    15;212.6054;335.7993 
 MEMBRANOUS  DATASET;MEMBRANOUS2010  (40).jpg;6.1230;      5;167.4233;106.8452 
 MEMBRANOUS  DATASET;MEMBRANOUS2010  (41).jpg;4.3410;      4;133.6742;43.7244 
 MEMBRANOUS  DATASET;MEMBRANOUS2010  (42).jpg;5.0192;      4;141.1368;44.8750 
 MEMBRANOUS  DATASET;MEMBRANOUS2010  (43).jpg;19.9162;    21;289.4168;338.7623 
 MEMBRANOUS  DATASET;MEMBRANOUS2010  (44).jpg;20.1244;    21;270.9313;343.4269 
 MEMBRANOUS  DATASET;MEMBRANOUS2010  (45).jpg;18.1604;    19;250.8473;343.3913 
 MEMBRANOUS  DATASET;MEMBRANOUS2010  (46).jpg;17.1893;    17;249.5905;342.9254 
 MEMBRANOUS  DATASET;MEMBRANOUS2010  (47).jpg;19.9087;    20;278.9116;343.4877 
 MEMBRANOUS  DATASET;MEMBRANOUS2010  (48).jpg;19.6006;    20;276.4773;343.5259 
 MEMBRANOUS  DATASET;MEMBRANOUS2010  (49).jpg;17.3206;    16;256.8055;333.3571 
 MEMBRANOUS  DATASET;MEMBRANOUS2010  (5).jpg;16.4638;    17;255.7561;345.1101 
 MEMBRANOUS  DATASET;MEMBRANOUS2010  (50).jpg;16.9454;    16;266.9603;333.3571 
 MEMBRANOUS  DATASET;MEMBRANOUS2010  (51).jpg;17.5751;    17;283.8670;325.6503 
 MEMBRANOUS  DATASET;MEMBRANOUS2010  (52).jpg;16.2637;    15;264.5877;325.4094 
 MEMBRANOUS  DATASET;MEMBRANOUS2010  (53).jpg;18.1944;    18;285.2596;326.5480 
 MEMBRANOUS  DATASET;MEMBRANOUS2010  (54).jpg;16.8953;    16;265.1985;333.3571 
 MEMBRANOUS  DATASET;MEMBRANOUS2010  (55).jpg;16.0972;    15;263.9061;333.9788 
 MEMBRANOUS  DATASET;MEMBRANOUS2010  (56).jpg;4.1056;      4;115.2596;36.1783 
 MEMBRANOUS  DATASET;MEMBRANOUS2010  (57).jpg;4.1742;      4;108.9691;32.3423 
 MEMBRANOUS  DATASET;MEMBRANOUS2010  (58).jpg;5.4132;      5;84.8640;26.7675 
 MEMBRANOUS  DATASET;MEMBRANOUS2010  (59).jpg;4.7026;      4;105.2542;31.9111 
 MEMBRANOUS  DATASET;MEMBRANOUS2010  (6).jpg;15.1417;    16;234.5859;338.5691 
 MEMBRANOUS  DATASET;MEMBRANOUS2010  (60).jpg;4.3085;      4;114.1801;33.9056 
 MEMBRANOUS  DATASET;MEMBRANOUS2010  (61).jpg;4.4175;      4;117.7583;36.2149 
 MEMBRANOUS  DATASET;MEMBRANOUS2010  (62).jpg;20.5920;    20;264.9460;332.6733 
 MEMBRANOUS  DATASET;MEMBRANOUS2010  (63).jpg;19.4882;    20;274.7763;328.5763 
 MEMBRANOUS  DATASET;MEMBRANOUS2010  (64).jpg;19.1715;    19;260.1567;332.5620 
 MEMBRANOUS  DATASET;MEMBRANOUS2010  (65).jpg;4.0986;      4;153.8751;108.9274 
 MEMBRANOUS  DATASET;MEMBRANOUS2010  (66).jpg;20.1717;    21;308.4516;333.2098 
 MEMBRANOUS  DATASET;MEMBRANOUS2010  (67).jpg;17.8263;    18;271.1601;330.5079 
 MEMBRANOUS  DATASET;MEMBRANOUS2010  (68).jpg;18.0630;    17;278.9454;336.1545 
 MEMBRANOUS  DATASET;MEMBRANOUS2010  (69).jpg;18.2704;    17;271.3732;336.5625 
 MEMBRANOUS  DATASET;MEMBRANOUS2010  (7).jpg;17.8550;    17;264.9135;341.2716 
 MEMBRANOUS  DATASET;MEMBRANOUS2010  (70).jpg;17.4348;    17;259.4553;336.6893 
 MEMBRANOUS  DATASET;MEMBRANOUS2010  (71).jpg;2.4659;      2;177.5522;227.3667 
 MEMBRANOUS  DATASET;MEMBRANOUS2010  (72).jpg;3.8512;      3;167.8949;227.3667 
 MEMBRANOUS  DATASET;MEMBRANOUS2010  (73).jpg;30.7886;    31;242.6737;351.6233 
 MEMBRANOUS  DATASET;MEMBRANOUS2010  (74).jpg;32.7192;    33;304.0799;350.7729 
 MEMBRANOUS  DATASET;MEMBRANOUS2010  (75).jpg;18.9728;    19;298.2026;333.5154 
 MEMBRANOUS  DATASET;MEMBRANOUS2010  (76).jpg;18.2439;    17;272.1072;336.8038 
 MEMBRANOUS  DATASET;MEMBRANOUS2010  (77).jpg;17.5616;    17;274.2410;332.2887 
 MEMBRANOUS  DATASET;MEMBRANOUS2010  (78).jpg;16.9720;    16;253.8534;334.8737 
 MEMBRANOUS  DATASET;MEMBRANOUS2010  (79).jpg;16.5532;    16;257.8895;338.7339 
 MEMBRANOUS  DATASET;MEMBRANOUS2010  (8).jpg;16.7337;    16;234.3431;338.6312 
 MEMBRANOUS  DATASET;MEMBRANOUS2010  (80).jpg;2.9334;      3;160.4829;219.3889 
 MEMBRANOUS  DATASET;MEMBRANOUS2010  (81).jpg;20.1500;    19;270.8659;331.4577 
 MEMBRANOUS  DATASET;MEMBRANOUS2010  (82).jpg;24.6900;    26;300.9783;333.7183 
 MEMBRANOUS  DATASET;MEMBRANOUS2010  (83).jpg;4.8706;      4;127.9133;43.5152 
 MEMBRANOUS  DATASET;MEMBRANOUS2010  (84).jpg;4.7390;      4;158.7120;129.2400 
 MEMBRANOUS  DATASET;MEMBRANOUS2010  (9).jpg;7.1400;      7;86.1206;23.2685 
 MEMBRANOUS  DATASET;MEMBRANOUS2012  (1).jpg;18.5422;    22;281.2008;325.4094 
 MEMBRANOUS  DATASET;MEMBRANOUS2012  (10).jpg;17.6111;    21;277.3548;320.4407 
 MEMBRANOUS  DATASET;MEMBRANOUS2012  (11).jpg;15.3656;    18;259.1838;325.4094 
 MEMBRANOUS  DATASET;MEMBRANOUS2012  (12).jpg;-0.9159;    -3;185.4979;151.3431 
 MEMBRANOUS  DATASET;MEMBRANOUS2012  (13).jpg;-2.2788;    -4;126.3872;88.0880 
 MEMBRANOUS  DATASET;MEMBRANOUS2012  (14).jpg;-0.1402;    -2;181.0854;165.1400 
 MEMBRANOUS  DATASET;MEMBRANOUS2012  (15).jpg;0.1941;    -2;149.0850;96.6538 
 MEMBRANOUS  DATASET;MEMBRANOUS2012  (16).jpg;0.2989;    -1;188.4314;169.5278 
 MEMBRANOUS  DATASET;MEMBRANOUS2012  (17).jpg;15.1767;    19;262.9730;330.1914 
 MEMBRANOUS  DATASET;MEMBRANOUS2012  (18).jpg;14.6969;    17;263.3889;324.8095 
 MEMBRANOUS  DATASET;MEMBRANOUS2012  (19).jpg;12.9346;    14;267.8726;324.8095 
 MEMBRANOUS  DATASET;MEMBRANOUS2012  (2).jpg;1.4318;    -0;190.2141;164.5417 
 MEMBRANOUS  DATASET;MEMBRANOUS2012  (20).jpg;15.8201;    19;271.3317;330.5079 
 MEMBRANOUS  DATASET;MEMBRANOUS2012  (21).jpg;15.6116;    20;286.8628;314.1250 
 MEMBRANOUS  DATASET;MEMBRANOUS2012  (22).jpg;19.1387;    22;288.6489;327.4515 
 MEMBRANOUS  DATASET;MEMBRANOUS2012  (23).jpg;22.0419;    25;302.9178;335.7993 
 MEMBRANOUS  DATASET;MEMBRANOUS2012  (24).jpg;3.1215;      2;178.6841;132.9630 
 MEMBRANOUS  DATASET;MEMBRANOUS2012  (25).jpg;2.3877;      1;168.8850;125.6500 
 MEMBRANOUS  DATASET;MEMBRANOUS2012  (26).jpg;2.5928;      3;132.7163;73.6410 
 MEMBRANOUS  DATASET;MEMBRANOUS2012  (27).jpg;19.7720;    24;287.0013;336.9561 
 MEMBRANOUS  DATASET;MEMBRANOUS2012  (28).jpg;25.1820;    28;313.3290;343.4269 
 MEMBRANOUS  DATASET;MEMBRANOUS2012  (29).jpg;18.1823;    22;273.2088;339.0556 
 MEMBRANOUS  DATASET;MEMBRANOUS2012  (3).jpg;0.5805;    -1;107.8794;63.5729 
 MEMBRANOUS  DATASET;MEMBRANOUS2012  (30).jpg;28.9297;    31;327.4227;345.1439 
 MEMBRANOUS  DATASET;MEMBRANOUS2012  (31).jpg;21.2577;    25;292.7401;341.6798 
 MEMBRANOUS  DATASET;MEMBRANOUS2012  (32).jpg;24.2078;    27;311.1226;339.0556 
 MEMBRANOUS  DATASET;MEMBRANOUS2012  (33).jpg;16.6140;    20;262.0746;331.4577 
 MEMBRANOUS  DATASET;MEMBRANOUS2012  (34).jpg;16.8010;    20;278.0127;334.6927 
 MEMBRANOUS  DATASET;MEMBRANOUS2012  (35).jpg;25.9529;    29;304.5674;342.8545 
 MEMBRANOUS  DATASET;MEMBRANOUS2012  (36).jpg;25.7222;    33;285.3536;344.6097 
 MEMBRANOUS  DATASET;MEMBRANOUS2012  (37).jpg;15.4888;    18;283.5116;338.6023 
 MEMBRANOUS  DATASET;MEMBRANOUS2012  (38).jpg;13.8438;    16;275.4193;333.6859 
 MEMBRANOUS  DATASET;MEMBRANOUS2012  (39).jpg;14.9604;    17;274.5602;338.6312 
 MEMBRANOUS  DATASET;MEMBRANOUS2012  (4).jpg;0.5454;    -1;172.8595;149.5833 
 MEMBRANOUS  DATASET;MEMBRANOUS2012  (40).jpg;17.0604;    19;300.4110;339.0556 
 MEMBRANOUS  DATASET;MEMBRANOUS2012  (41).jpg;12.6995;    14;275.8230;327.3899 
 MEMBRANOUS  DATASET;MEMBRANOUS2012  (42).jpg;16.9272;    21;242.2928;346.0241 
 MEMBRANOUS  DATASET;MEMBRANOUS2012  (43).jpg;16.0614;    21;270.3447;338.7623 
 MEMBRANOUS  DATASET;MEMBRANOUS2012  (44).jpg;21.3039;    25;263.7844;349.0278 
 MEMBRANOUS  DATASET;MEMBRANOUS2012  (45).jpg;-2.1503;    -5;128.5765;85.4762 
 MEMBRANOUS  DATASET;MEMBRANOUS2012  (46).jpg;-0.4421;    -3;158.4621;114.2273 
 MEMBRANOUS  DATASET;MEMBRANOUS2012  (47).jpg;0.3532;    -2;164.2735;119.6667 
 MEMBRANOUS  DATASET;MEMBRANOUS2012  (48).jpg;21.8969;    24;320.1851;338.7339 
 MEMBRANOUS  DATASET;MEMBRANOUS2012  (49).jpg;16.9919;    19;314.6406;332.7317 
 MEMBRANOUS  DATASET;MEMBRANOUS2012  (5).jpg;18.5938;    22;278.8434;328.5763 
 MEMBRANOUS  DATASET;MEMBRANOUS2012  (50).jpg;27.0782;    29;320.6040;339.0556 
 MEMBRANOUS  DATASET;MEMBRANOUS2012  (51).jpg;0.7078;      2;197.0522;229.3611 
 MEMBRANOUS  DATASET;MEMBRANOUS2012  (52).jpg;1.0800;      1;152.8729;114.2273 
 MEMBRANOUS  DATASET;MEMBRANOUS2012  (53).jpg;0.3021;      1;188.7761;227.3667 
 MEMBRANOUS  DATASET;MEMBRANOUS2012  (54).jpg;0.5402;      2;192.4627;229.3611 
 MEMBRANOUS  DATASET;MEMBRANOUS2012  (55).jpg;-0.4056;    -1;150.3335;95.7333 
 MEMBRANOUS  DATASET;MEMBRANOUS2012  (56).jpg;23.7693;    27;295.1984;327.2135 
 MEMBRANOUS  DATASET;MEMBRANOUS2012  (57).jpg;21.9644;    26;286.7309;323.2930 
 MEMBRANOUS  DATASET;MEMBRANOUS2012  (58).jpg;25.9685;    29;302.5316;329.0833 
 MEMBRANOUS  DATASET;MEMBRANOUS2012  (59).jpg;24.3327;    28;295.3306;327.6587 
 MEMBRANOUS  DATASET;MEMBRANOUS2012  (6).jpg;11.8879;    14;226.5575;315.7870 
 MEMBRANOUS  DATASET;MEMBRANOUS2012  (60).jpg;-1.9997;    -4;147.2762;100.9687 
 MEMBRANOUS  DATASET;MEMBRANOUS2012  (61).jpg;-0.8489;      1;197.6133;216.8958 
 MEMBRANOUS  DATASET;MEMBRANOUS2012  (62).jpg;-0.4805;      1;200.3734;224.3750 
 MEMBRANOUS  DATASET;MEMBRANOUS2012  (63).jpg;-1.6053;    -1;194.5469;201.9375 
 MEMBRANOUS  DATASET;MEMBRANOUS2012  (64).jpg;-1.4425;    -2;198.3775;196.9514 
 MEMBRANOUS  DATASET;MEMBRANOUS2012  (65).jpg;22.8769;    25;314.3214;336.1545 
 MEMBRANOUS  DATASET;MEMBRANOUS2012  (66).jpg;19.2024;    22;288.9500;331.0778 
 MEMBRANOUS  DATASET;MEMBRANOUS2012  (67).jpg;15.2230;    18;288.9540;316.7647 
 MEMBRANOUS  DATASET;MEMBRANOUS2012  (68).jpg;13.6407;    16;279.0466;309.8512 
 MEMBRANOUS  DATASET;MEMBRANOUS2012  (69).jpg;19.7048;    22;306.3009;322.6307 
 MEMBRANOUS  DATASET;MEMBRANOUS2012  (7).jpg;15.0714;    17;274.6462;322.6307 
 MEMBRANOUS  DATASET;MEMBRANOUS2012  (70).jpg;0.4500;    -2;185.4802;164.5417 
 MEMBRANOUS  DATASET;MEMBRANOUS2012  (71).jpg;-0.0905;    -2;189.5066;163.8913 
 MEMBRANOUS  DATASET;MEMBRANOUS2012  (72).jpg;-0.4176;    -2;175.6595;159.5556 
 MEMBRANOUS  DATASET;MEMBRANOUS2012  (73).jpg;16.1440;    18;281.7264;309.8512 
 MEMBRANOUS  DATASET;MEMBRANOUS2012  (74).jpg;14.6943;    16;276.1787;310.0455 
 MEMBRANOUS  DATASET;MEMBRANOUS2012  (75).jpg;14.5082;    17;265.1975;314.1250 
 MEMBRANOUS  DATASET;MEMBRANOUS2012  (76).jpg;12.0553;    15;259.0222;289.1944 
 MEMBRANOUS  DATASET;MEMBRANOUS2012  (77).jpg;11.2960;    14;259.6570;289.1944 
 MEMBRANOUS  DATASET;MEMBRANOUS2012  (78).jpg;1.0087;    -1;195.2007;191.4667 
 MEMBRANOUS  DATASET;MEMBRANOUS2012  (79).jpg;1.0105;    -1;185.4608;191.4667 
 MEMBRANOUS  DATASET;MEMBRANOUS2012  (8).jpg;12.8258;    15;242.0518;316.8951 
 MEMBRANOUS  DATASET;MEMBRANOUS2012  (80).jpg;0.9160;    -1;194.3057;191.4667 
 MEMBRANOUS  DATASET;MEMBRANOUS2012  (81).jpg;-1.2566;    -4;138.6709;89.7500 
 MEMBRANOUS  DATASET;MEMBRANOUS2012  (82).jpg;21.6836;    24;304.4722;333.8527 
 MEMBRANOUS  DATASET;MEMBRANOUS2012  (83).jpg;18.1305;    20;292.5715;328.4185 
 MEMBRANOUS  DATASET;MEMBRANOUS2012  (84).jpg;19.4745;    23;284.7376;333.3571 
 MEMBRANOUS  DATASET;MEMBRANOUS2012  (85).jpg;17.1070;    20;289.8412;332.0750 
 MEMBRANOUS  DATASET;MEMBRANOUS2012  (86).jpg;13.2310;    16;276.6695;310.0455 
 MEMBRANOUS  DATASET;MEMBRANOUS2012  (87).jpg;15.6538;    19;286.4187;317.1167 
 MEMBRANOUS  DATASET;MEMBRANOUS2012  (88).jpg;20.3378;    22;300.3356;330.1914 
 MEMBRANOUS  DATASET;MEMBRANOUS2012  (89).jpg;18.9357;    21;290.6540;327.7235 
 MEMBRANOUS  DATASET;MEMBRANOUS2012  (9).jpg;15.4869;    18;268.5597;315.8415 
 MEMBRANOUS  DATASET;MEMBRANOUS2013  (1).jpg;16.0896;    20;254.8360;331.5090 
 MEMBRANOUS  DATASET;MEMBRANOUS2013  (10).jpg;10.9025;    10;252.8638;302.6863 
 MEMBRANOUS  DATASET;MEMBRANOUS2013  (100).jpg;21.2653;    25;272.0991;315.9620 
 MEMBRANOUS  DATASET;MEMBRANOUS2013  (101).jpg;8.6379;      8;166.0149;247.8810 
 MEMBRANOUS  DATASET;MEMBRANOUS2013  (102).jpg;17.8029;    18;303.7880;308.5523 
 MEMBRANOUS  DATASET;MEMBRANOUS2013  (103).jpg;14.1151;    15;273.3491;299.1667 
 MEMBRANOUS  DATASET;MEMBRANOUS2013  (104).jpg;22.2168;    23;321.1523;329.0833 
 MEMBRANOUS  DATASET;MEMBRANOUS2013  (105).jpg;20.9620;    24;289.4075;335.0667 
 MEMBRANOUS  DATASET;MEMBRANOUS2013  (106).jpg;25.3601;    28;317.2257;341.3443 
 MEMBRANOUS  DATASET;MEMBRANOUS2013  (107).jpg;20.2247;    22;295.3748;314.1250 
 MEMBRANOUS  DATASET;MEMBRANOUS2013  (108).jpg;15.5416;    17;280.3522;309.1389 
 MEMBRANOUS  DATASET;MEMBRANOUS2013  (109).jpg;21.7539;    27;282.2947;333.6859 
 MEMBRANOUS  DATASET;MEMBRANOUS2013  (11).jpg;12.9798;    13;264.8507;306.9710 
 MEMBRANOUS  DATASET;MEMBRANOUS2013  (110).jpg;25.9787;    32;283.9987;338.7860 
 MEMBRANOUS  DATASET;MEMBRANOUS2013  (111).jpg;29.4232;    35;293.9364;341.9048 
 MEMBRANOUS  DATASET;MEMBRANOUS2013  (112).jpg;19.1905;    22;286.9769;333.9788 
 MEMBRANOUS  DATASET;MEMBRANOUS2013  (113).jpg;22.1622;    25;283.3952;338.6312 
 MEMBRANOUS  DATASET;MEMBRANOUS2013  (114).jpg;20.6797;    23;297.6021;338.5307 
 MEMBRANOUS  DATASET;MEMBRANOUS2013  (115).jpg;25.0398;    28;291.3613;338.5691 
 MEMBRANOUS  DATASET;MEMBRANOUS2013  (116).jpg;14.7911;    14;289.3300;321.3272 
 MEMBRANOUS  DATASET;MEMBRANOUS2013  (117).jpg;10.8451;    12;248.7300;304.4852 
 MEMBRANOUS  DATASET;MEMBRANOUS2013  (118).jpg;15.8323;    17;265.7490;307.0692 
 MEMBRANOUS  DATASET;MEMBRANOUS2013  (119).jpg;19.6634;    24;275.2166;331.3159 
 MEMBRANOUS  DATASET;MEMBRANOUS2013  (12).jpg;15.4699;    16;268.0348;289.5933 
 MEMBRANOUS  DATASET;MEMBRANOUS2013  (120).jpg;3.0653;      3;177.0681;198.9806 
 MEMBRANOUS  DATASET;MEMBRANOUS2013  (121).jpg;22.1685;    26;293.8011;334.0694 
 MEMBRANOUS  DATASET;MEMBRANOUS2013  (122).jpg;17.8158;    20;273.0959;336.3046 
 MEMBRANOUS  DATASET;MEMBRANOUS2013  (123).jpg;17.4338;    19;290.9000;336.4214 
 MEMBRANOUS  DATASET;MEMBRANOUS2013  (124).jpg;20.7902;    23;283.8356;341.5486 
 MEMBRANOUS  DATASET;MEMBRANOUS2013  (125).jpg;21.2472;    23;300.7053;336.1545 
 MEMBRANOUS  DATASET;MEMBRANOUS2013  (126).jpg;11.3239;    11;258.3584;315.2195 
 MEMBRANOUS  DATASET;MEMBRANOUS2013  (127).jpg;4.1777;      2;166.6914;109.6944 
 MEMBRANOUS  DATASET;MEMBRANOUS2013  (128).jpg;3.4850;      2;153.5002;76.1515 
 MEMBRANOUS  DATASET;MEMBRANOUS2013  (129).jpg;13.7421;    15;266.5998;294.5641 
 MEMBRANOUS  DATASET;MEMBRANOUS2013  (13).jpg;11.7713;    12;241.4974;280.7564 
 MEMBRANOUS  DATASET;MEMBRANOUS2013  (130).jpg;12.8920;    14;255.7627;277.2278 
 MEMBRANOUS  DATASET;MEMBRANOUS2013  (131).jpg;29.2413;    32;313.2228;347.9962 
 MEMBRANOUS  DATASET;MEMBRANOUS2013  (132).jpg;30.6347;    33;321.3541;348.7846 
 MEMBRANOUS  DATASET;MEMBRANOUS2013  (133).jpg;33.4957;    36;330.1881;345.3424 
 MEMBRANOUS  DATASET;MEMBRANOUS2013  (134).jpg;31.4457;    33;327.3765;342.8098 
 MEMBRANOUS  DATASET;MEMBRANOUS2013  (135).jpg;28.5938;    30;322.3785;347.0333 
 MEMBRANOUS  DATASET;MEMBRANOUS2013  (136).jpg;26.2483;    29;303.4745;346.5671 
 MEMBRANOUS  DATASET;MEMBRANOUS2013  (137).jpg;33.1471;    37;303.6764;342.2243 
 MEMBRANOUS  DATASET;MEMBRANOUS2013  (138).jpg;26.2670;    30;295.1087;345.0130 
 MEMBRANOUS  DATASET;MEMBRANOUS2013  (139).jpg;33.6047;    35;329.1815;342.6818 
 MEMBRANOUS  DATASET;MEMBRANOUS2013  (14).jpg;3.0020;      1;153.9616;83.1019 
 MEMBRANOUS  DATASET;MEMBRANOUS2013  (140).jpg;24.6129;    29;287.5499;346.4767 
 MEMBRANOUS  DATASET;MEMBRANOUS2013  (141).jpg;16.0320;    17;282.2337;315.7870 
 MEMBRANOUS  DATASET;MEMBRANOUS2013  (142).jpg;15.3821;    16;284.0919;312.4630 
 MEMBRANOUS  DATASET;MEMBRANOUS2013  (143).jpg;5.0037;      4;165.1810;119.6667 
 MEMBRANOUS  DATASET;MEMBRANOUS2013  (15).jpg;2.2842;    -0;144.8605;79.7778 
 MEMBRANOUS  DATASET;MEMBRANOUS2013  (16).jpg;4.1050;      3;156.7832;123.1863 
 MEMBRANOUS  DATASET;MEMBRANOUS2013  (17).jpg;2.3873;      2;211.3973;229.3611 
 MEMBRANOUS  DATASET;MEMBRANOUS2013  (18).jpg;27.7370;    30;315.3791;337.1784 
 MEMBRANOUS  DATASET;MEMBRANOUS2013  (19).jpg;27.0078;    30;319.5484;342.8545 
 MEMBRANOUS  DATASET;MEMBRANOUS2013  (2).jpg;16.9003;    21;265.7897;333.6859 
 MEMBRANOUS  DATASET;MEMBRANOUS2013  (20).jpg;25.9023;    28;317.7662;341.3443 
 MEMBRANOUS  DATASET;MEMBRANOUS2013  (21).jpg;17.4087;    17;281.4922;292.9770 
 MEMBRANOUS  DATASET;MEMBRANOUS2013  (22).jpg;20.2568;    21;283.4135;297.6325 
 MEMBRANOUS  DATASET;MEMBRANOUS2013  (23).jpg;3.9816;      4;165.7856;147.2821 
 MEMBRANOUS  DATASET;MEMBRANOUS2013  (24).jpg;11.3125;    11;260.3096;319.6360 
 MEMBRANOUS  DATASET;MEMBRANOUS2013  (25).jpg;14.5777;    16;272.6760;311.1333 
 MEMBRANOUS  DATASET;MEMBRANOUS2013  (26).jpg;10.9478;    12;238.9223;314.1250 
 MEMBRANOUS  DATASET;MEMBRANOUS2013  (27).jpg;1.2547;      1;140.7491;88.1754 
 MEMBRANOUS  DATASET;MEMBRANOUS2013  (28).jpg;1.2177;      1;147.9521;92.8448 
 MEMBRANOUS  DATASET;MEMBRANOUS2013  (29).jpg;2.0207;      1;131.8700;75.7889 
 MEMBRANOUS  DATASET;MEMBRANOUS2013  (3).jpg;10.5573;    11;246.7422;304.1528 
 MEMBRANOUS  DATASET;MEMBRANOUS2013  (30).jpg;16.8531;    20;278.0872;315.9620 
 MEMBRANOUS  DATASET;MEMBRANOUS2013  (31).jpg;21.8608;    24;304.7686;322.7851 
 MEMBRANOUS  DATASET;MEMBRANOUS2013  (32).jpg;11.7751;    12;254.6630;277.4091 
 MEMBRANOUS  DATASET;MEMBRANOUS2013  (33).jpg;17.7791;    20;291.1601;321.8621 
 MEMBRANOUS  DATASET;MEMBRANOUS2013  (34).jpg;18.3204;    20;286.2360;313.6092 
 MEMBRANOUS  DATASET;MEMBRANOUS2013  (35).jpg;17.6003;    19;290.4128;319.6360 
 MEMBRANOUS  DATASET;MEMBRANOUS2013  (36).jpg;18.9944;    19;293.6925;307.7143 
 MEMBRANOUS  DATASET;MEMBRANOUS2013  (37).jpg;15.3059;    15;273.4075;296.5074 
 MEMBRANOUS  DATASET;MEMBRANOUS2013  (38).jpg;4.4632;      4;135.5649;69.8056 
 MEMBRANOUS  DATASET;MEMBRANOUS2013  (39).jpg;5.4478;      6;174.4336;149.5833 
 MEMBRANOUS  DATASET;MEMBRANOUS2013  (4).jpg;14.9755;    16;263.4688;294.3153 
 MEMBRANOUS  DATASET;MEMBRANOUS2013  (40).jpg;12.0139;    11;250.4254;256.4286 
 MEMBRANOUS  DATASET;MEMBRANOUS2013  (41).jpg;18.1007;    20;283.4279;339.0556 
 MEMBRANOUS  DATASET;MEMBRANOUS2013  (42).jpg;19.0777;    21;297.4991;331.0778 
 MEMBRANOUS  DATASET;MEMBRANOUS2013  (43).jpg;21.1364;    23;298.4694;334.5227 
 MEMBRANOUS  DATASET;MEMBRANOUS2013  (44).jpg;21.8915;    23;309.8126;324.6956 
 MEMBRANOUS  DATASET;MEMBRANOUS2013  (45).jpg;19.6205;    21;307.9450;332.5620 
 MEMBRANOUS  DATASET;MEMBRANOUS2013  (46).jpg;21.2538;    23;307.2136;332.7317 
 MEMBRANOUS  DATASET;MEMBRANOUS2013  (47).jpg;18.5811;    18;301.8313;321.1056 
 MEMBRANOUS  DATASET;MEMBRANOUS2013  (48).jpg;15.3771;    15;270.2023;312.4630 
 MEMBRANOUS  DATASET;MEMBRANOUS2013  (49).jpg;4.7673;      4;146.3964;59.8333 
 MEMBRANOUS  DATASET;MEMBRANOUS2013  (5).jpg;11.1406;    13;256.0141;299.1667 
 MEMBRANOUS  DATASET;MEMBRANOUS2013  (50).jpg;6.4778;      6;160.9265;85.4762 
 MEMBRANOUS  DATASET;MEMBRANOUS2013  (51).jpg;5.1434;      5;156.8096;85.4762 
 MEMBRANOUS  DATASET;MEMBRANOUS2013  (52).jpg;18.5657;    20;269.6182;306.4192 
 MEMBRANOUS  DATASET;MEMBRANOUS2013  (53).jpg;16.2336;    19;251.3334;329.0833 
 MEMBRANOUS  DATASET;MEMBRANOUS2013  (54).jpg;19.2992;    23;259.3534;332.4074 
 MEMBRANOUS  DATASET;MEMBRANOUS2013  (55).jpg;19.9103;    23;271.4524;338.6023 
 MEMBRANOUS  DATASET;MEMBRANOUS2013  (56).jpg;19.1853;    23;293.7076;332.5353 
 MEMBRANOUS  DATASET;MEMBRANOUS2013  (57).jpg;16.0639;    20;261.1077;330.1518 
 MEMBRANOUS  DATASET;MEMBRANOUS2013  (58).jpg;16.5810;    21;269.9643;331.0778 
 MEMBRANOUS  DATASET;MEMBRANOUS2013  (59).jpg;11.1765;    12;225.4696;276.7292 
 MEMBRANOUS  DATASET;MEMBRANOUS2013  (6).jpg;8.8295;    10;238.5772;292.8684 
 MEMBRANOUS  DATASET;MEMBRANOUS2013  (60).jpg;13.9179;    15;250.9711;291.0811 
 MEMBRANOUS  DATASET;MEMBRANOUS2013  (61).jpg;14.2525;    15;257.5639;290.9138 
 MEMBRANOUS  DATASET;MEMBRANOUS2013  (62).jpg;9.4729;    10;220.8841;265.2072 
 MEMBRANOUS  DATASET;MEMBRANOUS2013  (63).jpg;3.8389;      5;137.7733;77.2043 
 MEMBRANOUS  DATASET;MEMBRANOUS2013  (64).jpg;18.8823;    20;306.5657;321.4302 
 MEMBRANOUS  DATASET;MEMBRANOUS2013  (65).jpg;9.7605;      9;241.4420;329.8919 
 MEMBRANOUS  DATASET;MEMBRANOUS2013  (66).jpg;20.2556;    22;332.8828;336.3046 
 MEMBRANOUS  DATASET;MEMBRANOUS2013  (67).jpg;5.0214;      6;180.8985;225.9224 
 MEMBRANOUS  DATASET;MEMBRANOUS2013  (68).jpg;10.6403;    10;259.6730;323.1000 
 MEMBRANOUS  DATASET;MEMBRANOUS2013  (69).jpg;18.1984;    18;307.1862;313.1702 
 MEMBRANOUS  DATASET;MEMBRANOUS2013  (7).jpg;10.5851;    13;249.0957;304.1528 
 MEMBRANOUS  DATASET;MEMBRANOUS2013  (70).jpg;22.9394;    24;321.5452;333.5390 
 MEMBRANOUS  DATASET;MEMBRANOUS2013  (71).jpg;14.4980;    17;231.4063;330.5079 
 MEMBRANOUS  DATASET;MEMBRANOUS2013  (72).jpg;24.2413;    27;303.5370;330.8431 
 MEMBRANOUS  DATASET;MEMBRANOUS2013  (73).jpg;18.0994;    19;285.1874;317.2558 
 MEMBRANOUS  DATASET;MEMBRANOUS2013  (74).jpg;5.8959;      6;156.6531;77.2043 
 MEMBRANOUS  DATASET;MEMBRANOUS2013  (75).jpg;5.0760;      5;145.8388;63.1574 
 MEMBRANOUS  DATASET;MEMBRANOUS2013  (76).jpg;26.3538;    28;320.3397;332.5353 
 MEMBRANOUS  DATASET;MEMBRANOUS2013  (77).jpg;27.6833;    29;308.3729;326.6311 
 MEMBRANOUS  DATASET;MEMBRANOUS2013  (78).jpg;26.3702;    28;314.6346;332.4074 
 MEMBRANOUS  DATASET;MEMBRANOUS2013  (79).jpg;23.7517;    25;309.6197;328.2286 
 MEMBRANOUS  DATASET;MEMBRANOUS2013  (8).jpg;10.7656;    12;261.4958;286.3452 
 MEMBRANOUS  DATASET;MEMBRANOUS2013  (80).jpg;26.1408;    27;311.5690;322.2602 
 MEMBRANOUS  DATASET;MEMBRANOUS2013  (81).jpg;20.2443;    21;306.7866;325.1812 
 MEMBRANOUS  DATASET;MEMBRANOUS2013  (82).jpg;16.0528;    16;288.4598;306.6458 
 MEMBRANOUS  DATASET;MEMBRANOUS2013  (83).jpg;16.1057;    17;281.7257;306.4192 
 MEMBRANOUS  DATASET;MEMBRANOUS2013  (84).jpg;16.6280;    17;278.4178;293.8873 
 MEMBRANOUS  DATASET;MEMBRANOUS2013  (85).jpg;6.6060;      7;147.9275;74.7917 
 MEMBRANOUS  DATASET;MEMBRANOUS2013  (86).jpg;5.2965;      6;149.3843;91.5098 
 MEMBRANOUS  DATASET;MEMBRANOUS2013  (87).jpg;4.7492;      5;153.2198;95.7333 
 MEMBRANOUS  DATASET;MEMBRANOUS2013  (88).jpg;24.0593;    25;292.6969;326.5903 
 MEMBRANOUS  DATASET;MEMBRANOUS2013  (89).jpg;17.0887;    18;297.7579;326.5903 
 MEMBRANOUS  DATASET;MEMBRANOUS2013  (9).jpg;9.6045;    11;247.8130;304.0180 
 MEMBRANOUS  DATASET;MEMBRANOUS2013  (90).jpg;25.4550;    28;305.2516;330.7005 
 MEMBRANOUS  DATASET;MEMBRANOUS2013  (91).jpg;22.1615;    25;292.8433;324.1879 
 MEMBRANOUS  DATASET;MEMBRANOUS2013  (92).jpg;21.7415;    24;299.3246;323.5884 
 MEMBRANOUS  DATASET;MEMBRANOUS2013  (93).jpg;21.7222;    25;293.1361;330.1518 
 MEMBRANOUS  DATASET;MEMBRANOUS2013  (94).jpg;16.1186;    16;278.7625;307.7143 
 MEMBRANOUS  DATASET;MEMBRANOUS2013  (95).jpg;16.6734;    17;274.7970;295.8426 
 MEMBRANOUS  DATASET;MEMBRANOUS2013  (96).jpg;17.6238;    18;282.5508;307.7143 
 MEMBRANOUS  DATASET;MEMBRANOUS2013  (97).jpg;16.6033;    17;287.1171;297.4571 
 MEMBRANOUS  DATASET;MEMBRANOUS2013  (98).jpg;5.4950;      6;170.3899;191.4667 
 MEMBRANOUS  DATASET;MEMBRANOUS2013  (99).jpg;5.2368;      6;172.2082;221.3833 
 MEMBRANOUS  DATASET;MEMBRANOUS2014  (1).jpg;14.3904;    15;267.4303;284.2083 
 MEMBRANOUS  DATASET;MEMBRANOUS2014  (10).jpg;8.0068;      8;222.4548;286.7874 
 MEMBRANOUS  DATASET;MEMBRANOUS2014  (100).jpg;21.2531;    26;283.9832;340.3021 
 MEMBRANOUS  DATASET;MEMBRANOUS2014  (101).jpg;21.8777;    26;286.3483;340.4032 
 MEMBRANOUS  DATASET;MEMBRANOUS2014  (102).jpg;23.2245;    27;299.0915;344.2869 
 MEMBRANOUS  DATASET;MEMBRANOUS2014  (103).jpg;28.7805;    31;326.5316;344.9650 
 MEMBRANOUS  DATASET;MEMBRANOUS2014  (104).jpg;24.5631;    28;308.0555;343.0949 
 MEMBRANOUS  DATASET;MEMBRANOUS2014  (105).jpg;23.6825;    27;301.6992;343.5259 
 MEMBRANOUS  DATASET;MEMBRANOUS2014  (106).jpg;17.5197;    21;289.2032;335.7315 
 MEMBRANOUS  DATASET;MEMBRANOUS2014  (107).jpg;25.9030;    29;309.1423;342.3376 
 MEMBRANOUS  DATASET;MEMBRANOUS2014  (108).jpg;21.5269;    26;288.3783;340.5221 
 MEMBRANOUS  DATASET;MEMBRANOUS2014  (109).jpg;12.6447;    14;250.4073;306.3467 
 MEMBRANOUS  DATASET;MEMBRANOUS2014  (11).jpg;7.5669;      7;221.9319;273.5238 
 MEMBRANOUS  DATASET;MEMBRANOUS2014  (110).jpg;15.9189;    17;288.9928;324.8095 
 MEMBRANOUS  DATASET;MEMBRANOUS2014  (111).jpg;19.7035;    23;278.1707;340.9550 
 MEMBRANOUS  DATASET;MEMBRANOUS2014  (112).jpg;24.8291;    28;295.9497;341.3220 
 MEMBRANOUS  DATASET;MEMBRANOUS2014  (113).jpg;24.9174;    27;306.7265;341.2716 
 MEMBRANOUS  DATASET;MEMBRANOUS2014  (114).jpg;20.3150;    23;286.4525;342.8545 
 MEMBRANOUS  DATASET;MEMBRANOUS2014  (115).jpg;20.5394;    23;288.0781;342.9254 
 MEMBRANOUS  DATASET;MEMBRANOUS2014  (116).jpg;19.3281;    20;315.9487;338.1884 
 MEMBRANOUS  DATASET;MEMBRANOUS2014  (117).jpg;17.5770;    17;272.6332;330.9531 
 MEMBRANOUS  DATASET;MEMBRANOUS2014  (118).jpg;15.8546;    15;263.8627;330.6045 
 MEMBRANOUS  DATASET;MEMBRANOUS2014  (119).jpg;13.9242;    13;250.2491;321.3272 
 MEMBRANOUS  DATASET;MEMBRANOUS2014  (12).jpg;9.6117;    10;247.1999;296.1750 
 MEMBRANOUS  DATASET;MEMBRANOUS2014  (120).jpg;16.5134;    16;273.8009;332.1184 
 MEMBRANOUS  DATASET;MEMBRANOUS2014  (121).jpg;16.0901;    15;299.5986;326.7821 
 MEMBRANOUS  DATASET;MEMBRANOUS2014  (122).jpg;-1.5280;    -4;136.9689;91.5098 
 MEMBRANOUS  DATASET;MEMBRANOUS2014  (123).jpg;1.2026;    -0;150.4383;114.2273 
 MEMBRANOUS  DATASET;MEMBRANOUS2014  (124).jpg;15.7369;    17;246.7567;338.7339 
 MEMBRANOUS  DATASET;MEMBRANOUS2014  (125).jpg;16.7606;    19;275.4509;341.1550 
 MEMBRANOUS  DATASET;MEMBRANOUS2014  (126).jpg;20.0103;    22;297.1488;340.7899 
 MEMBRANOUS  DATASET;MEMBRANOUS2014  (127).jpg;9.5064;    10;246.2489;311.5849 
 MEMBRANOUS  DATASET;MEMBRANOUS2014  (128).jpg;9.8731;      8;264.7028;294.3153 
 MEMBRANOUS  DATASET;MEMBRANOUS2014  (129).jpg;21.3252;    25;281.2935;345.1923 
 MEMBRANOUS  DATASET;MEMBRANOUS2014  (13).jpg;0.1784;    -0;172.0572;164.5417 
 MEMBRANOUS  DATASET;MEMBRANOUS2014  (130).jpg;16.2659;    18;239.0900;341.3443 
 MEMBRANOUS  DATASET;MEMBRANOUS2014  (131).jpg;1.5937;      1;119.9362;50.8583 
 MEMBRANOUS  DATASET;MEMBRANOUS2014  (132).jpg;21.5464;    25;274.2421;343.5259 
 MEMBRANOUS  DATASET;MEMBRANOUS2014  (133).jpg;22.9142;    26;284.1239;338.7623 
 MEMBRANOUS  DATASET;MEMBRANOUS2014  (134).jpg;18.0858;    22;257.7846;336.1545 
 MEMBRANOUS  DATASET;MEMBRANOUS2014  (135).jpg;19.2921;    22;281.5048;338.6312 
 MEMBRANOUS  DATASET;MEMBRANOUS2014  (136).jpg;21.2762;    27;270.2563;336.9561 
 MEMBRANOUS  DATASET;MEMBRANOUS2014  (137).jpg;23.7913;    28;292.1509;338.8153 
 MEMBRANOUS  DATASET;MEMBRANOUS2014  (138).jpg;20.7143;    25;283.4843;335.3816 
 MEMBRANOUS  DATASET;MEMBRANOUS2014  (139).jpg;20.3587;    24;288.1326;333.3571 
 MEMBRANOUS  DATASET;MEMBRANOUS2014  (14).jpg;0.5691;    -0;112.6378;57.1136 
 MEMBRANOUS  DATASET;MEMBRANOUS2014  (140).jpg;14.0617;    14;264.3144;321.3272 
 MEMBRANOUS  DATASET;MEMBRANOUS2014  (141).jpg;12.3863;    13;236.7700;314.5085 
 MEMBRANOUS  DATASET;MEMBRANOUS2014  (142).jpg;15.6127;    16;262.3270;319.4673 
 MEMBRANOUS  DATASET;MEMBRANOUS2014  (143).jpg;16.4053;    18;251.9811;339.0556 
 MEMBRANOUS  DATASET;MEMBRANOUS2014  (144).jpg;19.6637;    22;280.3831;345.0853 
 MEMBRANOUS  DATASET;MEMBRANOUS2014  (145).jpg;18.4579;    20;286.4870;345.9928 
 MEMBRANOUS  DATASET;MEMBRANOUS2014  (146).jpg;13.8334;    15;280.5132;338.5691 
 MEMBRANOUS  DATASET;MEMBRANOUS2014  (147).jpg;19.6055;    22;282.0712;341.1550 
 MEMBRANOUS  DATASET;MEMBRANOUS2014  (148).jpg;14.0043;    13;275.2506;324.2967 
 MEMBRANOUS  DATASET;MEMBRANOUS2014  (149).jpg;17.5206;    18;272.7929;324.3596 
 MEMBRANOUS  DATASET;MEMBRANOUS2014  (15).jpg;0.6837;    -0;140.4569;83.7667 
 MEMBRANOUS  DATASET;MEMBRANOUS2014  (150).jpg;14.4610;    16;261.1001;318.6125 
 MEMBRANOUS  DATASET;MEMBRANOUS2014  (151).jpg;23.1034;    25;297.3374;333.3571 
 MEMBRANOUS  DATASET;MEMBRANOUS2014  (152).jpg;20.2436;    22;303.2727;324.2967 
 MEMBRANOUS  DATASET;MEMBRANOUS2014  (153).jpg;11.2109;    11;225.0945;309.3821 
 MEMBRANOUS  DATASET;MEMBRANOUS2014  (154).jpg;13.9937;    16;253.8077;317.3768 
 MEMBRANOUS  DATASET;MEMBRANOUS2014  (16).jpg;0.8363;    -0;138.2340;85.4762 
 MEMBRANOUS  DATASET;MEMBRANOUS2014  (17).jpg;14.6256;    16;273.8617;306.4192 
 MEMBRANOUS  DATASET;MEMBRANOUS2014  (18).jpg;-0.5433;    -1;168.7689;157.7424 
 MEMBRANOUS  DATASET;MEMBRANOUS2014  (19).jpg;-1.1471;    -3;161.1196;129.6389 
 MEMBRANOUS  DATASET;MEMBRANOUS2014  (2).jpg;16.3759;    19;274.7582;323.5884 
 MEMBRANOUS  DATASET;MEMBRANOUS2014  (20).jpg;0.1822;      0;176.6081;164.5417 
 MEMBRANOUS  DATASET;MEMBRANOUS2014  (21).jpg;24.3044;    28;301.9133;338.4857 
 MEMBRANOUS  DATASET;MEMBRANOUS2014  (22).jpg;27.7732;    30;315.0364;338.7623 
 MEMBRANOUS  DATASET;MEMBRANOUS2014  (23).jpg;24.3665;    27;321.7437;333.3571 
 MEMBRANOUS  DATASET;MEMBRANOUS2014  (24).jpg;30.6159;    32;324.1949;341.2716 
 MEMBRANOUS  DATASET;MEMBRANOUS2014  (25).jpg;11.7460;    13;274.8492;311.1333 
 MEMBRANOUS  DATASET;MEMBRANOUS2014  (26).jpg;2.0900;      1;176.1425;216.8958 
 MEMBRANOUS  DATASET;MEMBRANOUS2014  (27).jpg;1.8167;      0;162.4437;109.6944 
 MEMBRANOUS  DATASET;MEMBRANOUS2014  (28).jpg;1.8915;      1;163.2904;105.5882 
 MEMBRANOUS  DATASET;MEMBRANOUS2014  (29).jpg;1.3154;      0;148.5675;76.9286 
 MEMBRANOUS  DATASET;MEMBRANOUS2014  (3).jpg;19.1048;    21;296.2140;326.5903 
 MEMBRANOUS  DATASET;MEMBRANOUS2014  (30).jpg;1.3692;    -0;141.4324;83.7667 
 MEMBRANOUS  DATASET;MEMBRANOUS2014  (31).jpg;24.4690;    26;333.6654;336.8699 
 MEMBRANOUS  DATASET;MEMBRANOUS2014  (32).jpg;25.5651;    27;333.9030;338.3303 
 MEMBRANOUS  DATASET;MEMBRANOUS2014  (33).jpg;24.0145;    26;305.8136;341.2716 
 MEMBRANOUS  DATASET;MEMBRANOUS2014  (34).jpg;17.4513;    19;273.6870;343.8184 
 MEMBRANOUS  DATASET;MEMBRANOUS2014  (35).jpg;17.9641;    19;261.5376;342.5458 
 MEMBRANOUS  DATASET;MEMBRANOUS2014  (36).jpg;12.9789;    13;279.9270;328.4185 
 MEMBRANOUS  DATASET;MEMBRANOUS2014  (37).jpg;17.7511;    19;267.3787;339.0556 
 MEMBRANOUS  DATASET;MEMBRANOUS2014  (38).jpg;20.2129;    23;277.9597;341.3443 
 MEMBRANOUS  DATASET;MEMBRANOUS2014  (39).jpg;17.7457;    19;274.3857;339.0556 
 MEMBRANOUS  DATASET;MEMBRANOUS2014  (4).jpg;16.9032;    19;286.8200;328.4185 
 MEMBRANOUS  DATASET;MEMBRANOUS2014  (40).jpg;22.7085;    25;307.2382;338.7860 
 MEMBRANOUS  DATASET;MEMBRANOUS2014  (41).jpg;26.1975;    28;313.3084;342.0774 
 MEMBRANOUS  DATASET;MEMBRANOUS2014  (42).jpg;24.4469;    27;311.1876;340.2151 
 MEMBRANOUS  DATASET;MEMBRANOUS2014  (43).jpg;20.0505;    20;270.9197;271.0631 
 MEMBRANOUS  DATASET;MEMBRANOUS2014  (44).jpg;19.0923;    19;267.9412;267.6754 
 MEMBRANOUS  DATASET;MEMBRANOUS2014  (45).jpg;17.5753;    17;283.0284;283.4960 
 MEMBRANOUS  DATASET;MEMBRANOUS2014  (46).jpg;16.9048;    17;282.2777;296.1750 
 MEMBRANOUS  DATASET;MEMBRANOUS2014  (47).jpg;15.1667;    15;277.9121;304.8651 
 MEMBRANOUS  DATASET;MEMBRANOUS2014  (48).jpg;12.9191;    13;279.5782;286.0781 
 MEMBRANOUS  DATASET;MEMBRANOUS2014  (49).jpg;23.8898;    25;310.9115;344.2869 
 MEMBRANOUS  DATASET;MEMBRANOUS2014  (5).jpg;16.5203;    19;294.3329;312.9744 
 MEMBRANOUS  DATASET;MEMBRANOUS2014  (50).jpg;20.0295;    21;317.2309;347.0333 
 MEMBRANOUS  DATASET;MEMBRANOUS2014  (51).jpg;14.2595;    15;291.8013;324.5505 
 MEMBRANOUS  DATASET;MEMBRANOUS2014  (52).jpg;11.6446;    12;261.5830;319.1111 
 MEMBRANOUS  DATASET;MEMBRANOUS2014  (53).jpg;11.1449;    11;231.0157;316.2619 
 MEMBRANOUS  DATASET;MEMBRANOUS2014  (54).jpg;14.0783;    15;289.7333;325.1812 
 MEMBRANOUS  DATASET;MEMBRANOUS2014  (55).jpg;13.4524;    15;264.3971;317.9714 
 MEMBRANOUS  DATASET;MEMBRANOUS2014  (56).jpg;13.4036;    13;293.3422;332.0750 
 MEMBRANOUS  DATASET;MEMBRANOUS2014  (57).jpg;8.8737;      8;246.3586;323.8039 
 MEMBRANOUS  DATASET;MEMBRANOUS2014  (58).jpg;10.6316;    10;271.8341;325.0038 
 MEMBRANOUS  DATASET;MEMBRANOUS2014  (59).jpg;11.0612;    10;273.5841;305.5774 
 MEMBRANOUS  DATASET;MEMBRANOUS2014  (6).jpg;13.8687;    17;288.9385;315.9948 
 MEMBRANOUS  DATASET;MEMBRANOUS2014  (60).jpg;0.9091;      0;130.8027;69.0385 
 MEMBRANOUS  DATASET;MEMBRANOUS2014  (61).jpg;0.8851;      0;127.1322;67.3125 
 MEMBRANOUS  DATASET;MEMBRANOUS2014  (62).jpg;16.7518;    18;268.1162;333.6859 
 MEMBRANOUS  DATASET;MEMBRANOUS2014  (63).jpg;15.7443;    17;291.4063;329.8919 
 MEMBRANOUS  DATASET;MEMBRANOUS2014  (64).jpg;9.8612;      9;243.2247;328.1768 
 MEMBRANOUS  DATASET;MEMBRANOUS2014  (65).jpg;1.3028;      1;144.4311;92.4697 
 MEMBRANOUS  DATASET;MEMBRANOUS2014  (66).jpg;1.3415;      1;134.7274;70.7121 
 MEMBRANOUS  DATASET;MEMBRANOUS2014  (67).jpg;1.5006;      1;144.7086;89.7500 
 MEMBRANOUS  DATASET;MEMBRANOUS2014  (68).jpg;0.9339;    -0;107.9250;51.6742 
 MEMBRANOUS  DATASET;MEMBRANOUS2014  (69).jpg;21.8539;    23;315.7958;333.2098 
 MEMBRANOUS  DATASET;MEMBRANOUS2014  (7).jpg;15.8769;    18;289.8034;322.7851 
 MEMBRANOUS  DATASET;MEMBRANOUS2014  (70).jpg;23.4055;    25;316.8901;335.0667 
 MEMBRANOUS  DATASET;MEMBRANOUS2014  (71).jpg;20.3883;    22;308.9181;327.3899 
 MEMBRANOUS  DATASET;MEMBRANOUS2014  (72).jpg;20.9930;    22;315.5131;324.2967 
 MEMBRANOUS  DATASET;MEMBRANOUS2014  (73).jpg;1.7990;      1;171.1004;212.1364 
 MEMBRANOUS  DATASET;MEMBRANOUS2014  (74).jpg;1.5422;      1;149.0061;102.5714 
 MEMBRANOUS  DATASET;MEMBRANOUS2014  (75).jpg;0.5861;    -1;171.0263;156.5851 
 MEMBRANOUS  DATASET;MEMBRANOUS2014  (76).jpg;20.4037;    24;277.2030;340.3021 
 MEMBRANOUS  DATASET;MEMBRANOUS2014  (77).jpg;22.6397;    27;288.7995;341.6798 
 MEMBRANOUS  DATASET;MEMBRANOUS2014  (78).jpg;25.2237;    29;303.2772;343.3913 
 MEMBRANOUS  DATASET;MEMBRANOUS2014  (79).jpg;21.0247;    24;291.4131;338.7175 
 MEMBRANOUS  DATASET;MEMBRANOUS2014  (8).jpg;16.0074;    17;289.4347;330.9531 
 MEMBRANOUS  DATASET;MEMBRANOUS2014  (80).jpg;15.8226;    19;268.2806;339.0556 
 MEMBRANOUS  DATASET;MEMBRANOUS2014  (81).jpg;13.5871;    15;265.1569;338.6312 
 MEMBRANOUS  DATASET;MEMBRANOUS2014  (82).jpg;10.0147;      9;259.7928;317.5769 
 MEMBRANOUS  DATASET;MEMBRANOUS2014  (83).jpg;32.5473;    38;300.5802;338.8638 
 MEMBRANOUS  DATASET;MEMBRANOUS2014  (84).jpg;34.4825;    40;311.1473;340.1053 
 MEMBRANOUS  DATASET;MEMBRANOUS2014  (85).jpg;30.7120;    34;311.3869;347.8223 
 MEMBRANOUS  DATASET;MEMBRANOUS2014  (86).jpg;28.0918;    32;302.3342;345.6255 
 MEMBRANOUS  DATASET;MEMBRANOUS2014  (87).jpg;24.5217;    29;305.3280;339.0556 
 MEMBRANOUS  DATASET;MEMBRANOUS2014  (88).jpg;30.5774;    35;299.0831;347.4659 
 MEMBRANOUS  DATASET;MEMBRANOUS2014  (89).jpg;29.3102;    34;299.4436;346.8989 
 MEMBRANOUS  DATASET;MEMBRANOUS2014  (9).jpg;17.2880;    21;274.2212;326.7821 
 MEMBRANOUS  DATASET;MEMBRANOUS2014  (90).jpg;32.1670;    36;313.9021;343.0949 
 MEMBRANOUS  DATASET;MEMBRANOUS2014  (91).jpg;15.1504;    15;284.9862;311.9881 
 MEMBRANOUS  DATASET;MEMBRANOUS2014  (92).jpg;18.4032;    19;293.3837;340.9371 
 MEMBRANOUS  DATASET;MEMBRANOUS2014  (93).jpg;16.5667;    18;250.3628;344.5242 
 MEMBRANOUS  DATASET;MEMBRANOUS2014  (94).jpg;14.6228;    16;247.6926;341.3443 
 MEMBRANOUS  DATASET;MEMBRANOUS2014  (95).jpg;15.9441;    19;304.2834;333.5154 
 MEMBRANOUS  DATASET;MEMBRANOUS2014  (96).jpg;13.2628;    13;236.1839;322.3673 
 MEMBRANOUS  DATASET;MEMBRANOUS2014  (97).jpg;13.0056;    13;247.4352;326.3636 
 MEMBRANOUS  DATASET;MEMBRANOUS2014  (98).jpg;21.0189;    24;294.4798;343.5591 
 MEMBRANOUS  DATASET;MEMBRANOUS2014  (99).jpg;22.0400;    26;288.8354;343.8310 
 MEMBRANOUS  DATASET;MEMBRANOUS2015  (1).jpg;16.2411;    18;281.3038;321.2790 
 MEMBRANOUS  DATASET;MEMBRANOUS2015  (1).TIF;26.4848;    28;332.7372;339.0556 
 MEMBRANOUS  DATASET;MEMBRANOUS2015  (10).jpg;18.4655;    21;256.8097;339.0556 
 MEMBRANOUS  DATASET;MEMBRANOUS2015  (10).TIF;28.4188;    30;330.9860;342.7490 
 MEMBRANOUS  DATASET;MEMBRANOUS2015  (11).jpg;15.8648;    18;252.8332;334.2414 
 MEMBRANOUS  DATASET;MEMBRANOUS2015  (11).TIF;28.3251;    31;325.8017;342.8910 
 MEMBRANOUS  DATASET;MEMBRANOUS2015  (12).jpg;17.6524;    19;262.7460;338.3303 
 MEMBRANOUS  DATASET;MEMBRANOUS2015  (12).TIF;28.2487;    30;328.7195;342.9472 
 MEMBRANOUS  DATASET;MEMBRANOUS2015  (13).jpg;15.9929;    17;249.3379;335.3450 
 MEMBRANOUS  DATASET;MEMBRANOUS2015  (13).TIF;28.7356;    30;333.6050;343.8184 
 MEMBRANOUS  DATASET;MEMBRANOUS2015  (14).jpg;19.0493;    21;275.0216;341.5486 
 MEMBRANOUS  DATASET;MEMBRANOUS2015  (14).TIF;27.7992;    30;330.8310;341.2370 
 MEMBRANOUS  DATASET;MEMBRANOUS2015  (15).jpg;13.5991;    14;249.2415;334.0694 
 MEMBRANOUS  DATASET;MEMBRANOUS2015  (15).TIF;26.2222;    27;332.2159;339.0556 
 MEMBRANOUS  DATASET;MEMBRANOUS2015  (16).jpg;14.9395;    16;267.0248;338.4323 
 MEMBRANOUS  DATASET;MEMBRANOUS2015  (16).TIF;28.8240;    30;336.4519;340.7899 
 MEMBRANOUS  DATASET;MEMBRANOUS2015  (17).jpg;12.3414;    12;253.0204;333.3571 
 MEMBRANOUS  DATASET;MEMBRANOUS2015  (17).TIF;29.3963;    31;336.7588;340.8925 
 MEMBRANOUS  DATASET;MEMBRANOUS2015  (18).jpg;12.8334;    13;262.4107;334.3627 
 MEMBRANOUS  DATASET;MEMBRANOUS2015  (18).TIF;29.3324;    31;336.8049;340.6640 
 MEMBRANOUS  DATASET;MEMBRANOUS2015  (19).jpg;19.9276;    22;303.0965;336.8038 
 MEMBRANOUS  DATASET;MEMBRANOUS2015  (2).jpg;19.5727;    21;297.2371;319.6360 
 MEMBRANOUS  DATASET;MEMBRANOUS2015  (2).TIF;23.6283;    25;329.5587;337.1378 
 MEMBRANOUS  DATASET;MEMBRANOUS2015  (20).jpg;20.7354;    25;286.0792;336.6893 
 MEMBRANOUS  DATASET;MEMBRANOUS2015  (21).jpg;16.7464;    19;254.3973;329.6478 
 MEMBRANOUS  DATASET;MEMBRANOUS2015  (22).jpg;18.8250;    22;266.0012;336.0851 
 MEMBRANOUS  DATASET;MEMBRANOUS2015  (23).jpg;15.9588;    18;257.3940;331.5090 
 MEMBRANOUS  DATASET;MEMBRANOUS2015  (24).jpg;15.7206;    18;259.2857;332.2887 
 MEMBRANOUS  DATASET;MEMBRANOUS2015  (25).jpg;17.4977;    21;282.3921;328.1768 
 MEMBRANOUS  DATASET;MEMBRANOUS2015  (26).jpg;16.7010;    20;279.2966;327.3899 
 MEMBRANOUS  DATASET;MEMBRANOUS2015  (27).jpg;17.5660;    20;253.4353;333.9788 
 MEMBRANOUS  DATASET;MEMBRANOUS2015  (28).jpg;18.0201;    18;296.2246;338.6023 
 MEMBRANOUS  DATASET;MEMBRANOUS2015  (29).jpg;18.8920;    21;297.0617;329.0833 
 MEMBRANOUS  DATASET;MEMBRANOUS2015  (3).jpg;14.1368;    15;253.2072;321.3905 
 MEMBRANOUS  DATASET;MEMBRANOUS2015  (3).TIF;21.8999;    23;328.2580;334.8737 
 MEMBRANOUS  DATASET;MEMBRANOUS2015  (30).jpg;18.5806;    21;263.8938;333.9788 
 MEMBRANOUS  DATASET;MEMBRANOUS2015  (31).jpg;19.1917;    21;286.6507;333.7578 
 MEMBRANOUS  DATASET;MEMBRANOUS2015  (32).jpg;18.1477;    20;258.0515;332.2887 
 MEMBRANOUS  DATASET;MEMBRANOUS2015  (33).jpg;1.1468;      0;115.7530;52.1129 
 MEMBRANOUS  DATASET;MEMBRANOUS2015  (34).jpg;-0.7220;    -3;165.2798;113.3684 
 MEMBRANOUS  DATASET;MEMBRANOUS2015  (35).jpg;-0.0986;    -2;162.4061;107.0702 
 MEMBRANOUS  DATASET;MEMBRANOUS2015  (36).jpg;0.2791;    -1;143.8260;89.7500 
 MEMBRANOUS  DATASET;MEMBRANOUS2015  (37).jpg;0.1173;    -2;146.5830;91.5098 
 MEMBRANOUS  DATASET;MEMBRANOUS2015  (4).jpg;10.2422;    11;252.8209;335.3450 
 MEMBRANOUS  DATASET;MEMBRANOUS2015  (4).TIF;24.9245;    26;332.0293;337.6310 
 MEMBRANOUS  DATASET;MEMBRANOUS2015  (5).jpg;11.0199;    12;260.4377;338.5691 
 MEMBRANOUS  DATASET;MEMBRANOUS2015  (5).TIF;25.8324;    27;334.9535;339.7679 
 MEMBRANOUS  DATASET;MEMBRANOUS2015  (6).jpg;9.6859;    10;242.5696;335.3450 
 MEMBRANOUS  DATASET;MEMBRANOUS2015  (6).TIF;25.6353;    27;332.8429;339.6422 
 MEMBRANOUS  DATASET;MEMBRANOUS2015  (7).jpg;8.1363;      8;219.3940;326.3636 
 MEMBRANOUS  DATASET;MEMBRANOUS2015  (7).TIF;27.4406;    29;334.4090;341.3028 
 MEMBRANOUS  DATASET;MEMBRANOUS2015  (8).jpg;8.7201;      9;195.2313;320.9242 
 MEMBRANOUS  DATASET;MEMBRANOUS2015  (8).TIF;28.1682;    30;336.2901;341.9048 
 MEMBRANOUS  DATASET;MEMBRANOUS2015  (9).jpg;7.9391;      9;235.7603;326.5903 
 MEMBRANOUS  DATASET;MEMBRANOUS2015  (9).TIF;29.0372;    31;330.9458;338.7623 
 MEMBRANOUS  DATASET;MEMBRANOUS2016  (1).jpg;14.8986;    17;258.3917;335.0667 
 MEMBRANOUS  DATASET;MEMBRANOUS2016  (10).jpg;14.5253;    15;242.7748;336.0851 
 MEMBRANOUS  DATASET;MEMBRANOUS2016  (100).jpg;18.0875;    19;314.7299;336.9077 
 MEMBRANOUS  DATASET;MEMBRANOUS2016  (101).jpg;9.1799;    10;256.1435;315.4848 
 MEMBRANOUS  DATASET;MEMBRANOUS2016  (102).jpg;10.6299;    11;271.8372;313.5267 
 MEMBRANOUS  DATASET;MEMBRANOUS2016  (103).jpg;10.9346;    11;285.7609;317.3768 
 MEMBRANOUS  DATASET;MEMBRANOUS2016  (104).jpg;9.9405;    10;277.7048;317.3768 
 MEMBRANOUS  DATASET;MEMBRANOUS2016  (105).jpg;10.1875;    10;276.3963;319.6360 
 MEMBRANOUS  DATASET;MEMBRANOUS2016  (106).jpg;10.0009;    10;287.6589;322.7851 
 MEMBRANOUS  DATASET;MEMBRANOUS2016  (107).jpg;9.0940;      9;268.5353;323.1000 
 MEMBRANOUS  DATASET;MEMBRANOUS2016  (108).jpg;10.4020;    10;293.4994;321.3272 
 MEMBRANOUS  DATASET;MEMBRANOUS2016  (109).jpg;10.3151;    10;281.5292;319.1111 
 MEMBRANOUS  DATASET;MEMBRANOUS2016  (11).jpg;2.4977;      2;113.7654;51.4357 
 MEMBRANOUS  DATASET;MEMBRANOUS2016  (110).jpg;10.4986;    10;284.5742;318.2624 
 MEMBRANOUS  DATASET;MEMBRANOUS2016  (111).jpg;10.0397;    10;269.2721;317.5769 
 MEMBRANOUS  DATASET;MEMBRANOUS2016  (112).jpg;2.5371;      2;124.9571;63.1574 
 MEMBRANOUS  DATASET;MEMBRANOUS2016  (113).jpg;2.8358;      3;116.3502;50.8583 
 MEMBRANOUS  DATASET;MEMBRANOUS2016  (114).jpg;3.2306;      3;109.2217;41.6232 
 MEMBRANOUS  DATASET;MEMBRANOUS2016  (115).jpg;3.4707;      3;104.0009;35.1961 
 MEMBRANOUS  DATASET;MEMBRANOUS2016  (116).jpg;3.4306;      3;115.1558;44.8750 
 MEMBRANOUS  DATASET;MEMBRANOUS2016  (117).jpg;24.9037;    27;322.7123;336.0851 
 MEMBRANOUS  DATASET;MEMBRANOUS2016  (118).jpg;26.0260;    28;325.3681;336.7092 
 MEMBRANOUS  DATASET;MEMBRANOUS2016  (119).jpg;23.0065;    25;318.4495;336.4214 
 MEMBRANOUS  DATASET;MEMBRANOUS2016  (12).jpg;2.3485;      1;120.0502;50.8583 
 MEMBRANOUS  DATASET;MEMBRANOUS2016  (120).jpg;21.3081;    23;308.1366;343.2544 
 MEMBRANOUS  DATASET;MEMBRANOUS2016  (121).jpg;22.9935;    26;315.6531;341.2716 
 MEMBRANOUS  DATASET;MEMBRANOUS2016  (122).jpg;23.4431;    26;317.2828;342.0906 
 MEMBRANOUS  DATASET;MEMBRANOUS2016  (123).jpg;25.3568;    28;330.6530;342.5242 
 MEMBRANOUS  DATASET;MEMBRANOUS2016  (124).jpg;22.9321;    25;320.5748;341.1550 
 MEMBRANOUS  DATASET;MEMBRANOUS2016  (125).jpg;27.4775;    30;333.7524;344.6920 
 MEMBRANOUS  DATASET;MEMBRANOUS2016  (126).jpg;25.7981;    28;325.2259;336.7762 
 MEMBRANOUS  DATASET;MEMBRANOUS2016  (13).jpg;1.5404;      1;117.6854;54.6304 
 MEMBRANOUS  DATASET;MEMBRANOUS2016  (14).jpg;16.2449;    17;275.9111;313.6092 
 MEMBRANOUS  DATASET;MEMBRANOUS2016  (15).jpg;15.5873;    16;263.4902;323.1000 
 MEMBRANOUS  DATASET;MEMBRANOUS2016  (16).jpg;14.9647;    16;246.3830;316.8951 
 MEMBRANOUS  DATASET;MEMBRANOUS2016  (17).jpg;14.5324;    15;255.2031;304.1528 
 MEMBRANOUS  DATASET;MEMBRANOUS2016  (18).jpg;13.0967;    14;235.5488;307.1444 
 MEMBRANOUS  DATASET;MEMBRANOUS2016  (19).jpg;17.6100;    19;305.0401;339.0556 
 MEMBRANOUS  DATASET;MEMBRANOUS2016  (2).jpg;16.2982;    18;265.4352;331.1705 
 MEMBRANOUS  DATASET;MEMBRANOUS2016  (20).jpg;15.5942;    16;305.8821;333.5390 
 MEMBRANOUS  DATASET;MEMBRANOUS2016  (21).jpg;15.9474;    17;305.1337;335.6504 
 MEMBRANOUS  DATASET;MEMBRANOUS2016  (22).jpg;22.2144;    24;313.9105;333.9788 
 MEMBRANOUS  DATASET;MEMBRANOUS2016  (23).jpg;15.0197;    16;307.7504;332.5620 
 MEMBRANOUS  DATASET;MEMBRANOUS2016  (24).jpg;13.7899;    14;301.6064;331.5090 
 MEMBRANOUS  DATASET;MEMBRANOUS2016  (25).jpg;19.0799;    20;316.7748;335.7315 
 MEMBRANOUS  DATASET;MEMBRANOUS2016  (26).jpg;16.9302;    18;313.5109;338.4323 
 MEMBRANOUS  DATASET;MEMBRANOUS2016  (27).jpg;17.3232;    19;307.4436;339.0556 
 MEMBRANOUS  DATASET;MEMBRANOUS2016  (28).jpg;15.0391;    16;308.0021;335.7315 
 MEMBRANOUS  DATASET;MEMBRANOUS2016  (29).jpg;15.7088;    17;301.6257;335.6504 
 MEMBRANOUS  DATASET;MEMBRANOUS2016  (3).jpg;15.0821;    16;287.9904;330.8431 
 MEMBRANOUS  DATASET;MEMBRANOUS2016  (30).jpg;15.1241;    16;304.8715;336.0851 
 MEMBRANOUS  DATASET;MEMBRANOUS2016  (31).jpg;17.4785;    19;315.7579;335.8826 
 MEMBRANOUS  DATASET;MEMBRANOUS2016  (32).jpg;14.8357;    16;280.0210;325.0038 
 MEMBRANOUS  DATASET;MEMBRANOUS2016  (33).jpg;16.4441;    18;303.5097;330.1914 
 MEMBRANOUS  DATASET;MEMBRANOUS2016  (34).jpg;16.6021;    18;306.8257;329.5436 
 MEMBRANOUS  DATASET;MEMBRANOUS2016  (35).jpg;15.9341;    18;296.9580;329.0833 
 MEMBRANOUS  DATASET;MEMBRANOUS2016  (36).jpg;18.1113;    20;307.5328;324.8095 
 MEMBRANOUS  DATASET;MEMBRANOUS2016  (37).jpg;16.8678;    18;308.0476;333.9788 
 MEMBRANOUS  DATASET;MEMBRANOUS2016  (38).jpg;17.9512;    19;320.4473;335.8826 
 MEMBRANOUS  DATASET;MEMBRANOUS2016  (39).jpg;15.4807;    17;305.1838;331.5090 
 MEMBRANOUS  DATASET;MEMBRANOUS2016  (4).jpg;15.6504;    17;262.4968;335.3450 
 MEMBRANOUS  DATASET;MEMBRANOUS2016  (40).jpg;17.8854;    19;313.6569;332.5620 
 MEMBRANOUS  DATASET;MEMBRANOUS2016  (41).jpg;16.3891;    18;313.4969;331.1705 
 MEMBRANOUS  DATASET;MEMBRANOUS2016  (42).jpg;15.6143;    17;312.9103;329.8504 
 MEMBRANOUS  DATASET;MEMBRANOUS2016  (43).jpg;14.7974;    16;305.7795;329.0833 
 MEMBRANOUS  DATASET;MEMBRANOUS2016  (44).jpg;12.2419;    13;302.6417;324.0972 
 MEMBRANOUS  DATASET;MEMBRANOUS2016  (45).jpg;15.4404;    17;307.7791;329.0833 
 MEMBRANOUS  DATASET;MEMBRANOUS2016  (46).jpg;15.2719;    16;309.9757;328.1768 
 MEMBRANOUS  DATASET;MEMBRANOUS2016  (47).jpg;17.7359;    19;318.5541;331.1705 
 MEMBRANOUS  DATASET;MEMBRANOUS2016  (48).jpg;16.1446;    18;308.9807;329.8504 
 MEMBRANOUS  DATASET;MEMBRANOUS2016  (49).jpg;11.2775;    11;282.0955;314.1250 
 MEMBRANOUS  DATASET;MEMBRANOUS2016  (5).jpg;15.7752;    17;284.0017;335.6504 
 MEMBRANOUS  DATASET;MEMBRANOUS2016  (50).jpg;11.6364;    12;276.9089;312.3008 
 MEMBRANOUS  DATASET;MEMBRANOUS2016  (51).jpg;13.1501;    13;273.3969;311.9881 
 MEMBRANOUS  DATASET;MEMBRANOUS2016  (52).jpg;12.7179;    12;300.3474;319.1111 
 MEMBRANOUS  DATASET;MEMBRANOUS2016  (53).jpg;13.9604;    14;294.5753;316.8951 
 MEMBRANOUS  DATASET;MEMBRANOUS2016  (54).jpg;12.4284;    12;296.1764;317.8646 
 MEMBRANOUS  DATASET;MEMBRANOUS2016  (55).jpg;15.3010;    15;303.5095;317.5769 
 MEMBRANOUS  DATASET;MEMBRANOUS2016  (56).jpg;12.3354;    12;291.4439;319.1111 
 MEMBRANOUS  DATASET;MEMBRANOUS2016  (57).jpg;13.8818;    13;300.8757;319.7989 
 MEMBRANOUS  DATASET;MEMBRANOUS2016  (58).jpg;15.0797;    14;300.3486;319.1111 
 MEMBRANOUS  DATASET;MEMBRANOUS2016  (59).jpg;16.0534;    15;305.9876;320.4407 
 MEMBRANOUS  DATASET;MEMBRANOUS2016  (6).jpg;13.7951;    14;258.7227;314.1250 
 MEMBRANOUS  DATASET;MEMBRANOUS2016  (60).jpg;14.8559;    14;296.8425;318.2624 
 MEMBRANOUS  DATASET;MEMBRANOUS2016  (61).jpg;15.8094;    15;303.1219;319.7344 
 MEMBRANOUS  DATASET;MEMBRANOUS2016  (62).jpg;14.4587;    14;296.5237;318.6125 
 MEMBRANOUS  DATASET;MEMBRANOUS2016  (63).jpg;3.2664;      3;94.4502;32.2179 
 MEMBRANOUS  DATASET;MEMBRANOUS2016  (64).jpg;1.6984;      1;132.8809;74.7917 
 MEMBRANOUS  DATASET;MEMBRANOUS2016  (65).jpg;1.4787;    -0;112.2897;64.1071 
 MEMBRANOUS  DATASET;MEMBRANOUS2016  (66).jpg;17.3273;    18;279.6376;286.0781 
 MEMBRANOUS  DATASET;MEMBRANOUS2016  (67).jpg;1.1703;      0;116.2929;70.3922 
 MEMBRANOUS  DATASET;MEMBRANOUS2016  (68).jpg;9.0693;      9;247.8175;329.0833 
 MEMBRANOUS  DATASET;MEMBRANOUS2016  (69).jpg;11.5420;    13;270.1597;330.0484 
 MEMBRANOUS  DATASET;MEMBRANOUS2016  (7).jpg;16.7104;    19;242.6643;339.0556 
 MEMBRANOUS  DATASET;MEMBRANOUS2016  (70).jpg;10.7346;    11;235.4588;308.7400 
 MEMBRANOUS  DATASET;MEMBRANOUS2016  (71).jpg;11.3902;    12;252.5582;308.7400 
 MEMBRANOUS  DATASET;MEMBRANOUS2016  (72).jpg;0.7648;    -1;120.4498;70.2391 
 MEMBRANOUS  DATASET;MEMBRANOUS2016  (73).jpg;0.6933;    -1;126.4116;83.7667 
 MEMBRANOUS  DATASET;MEMBRANOUS2016  (74).jpg;6.6150;      8;203.4731;236.4146 
 MEMBRANOUS  DATASET;MEMBRANOUS2016  (75).jpg;12.4994;    14;245.0525;241.2328 
 MEMBRANOUS  DATASET;MEMBRANOUS2016  (76).jpg;28.1622;    32;302.2010;340.7176 
 MEMBRANOUS  DATASET;MEMBRANOUS2016  (77).jpg;28.4892;    34;309.6216;340.2570 
 MEMBRANOUS  DATASET;MEMBRANOUS2016  (78).jpg;29.4655;    34;319.3179;339.0556 
 MEMBRANOUS  DATASET;MEMBRANOUS2016  (79).jpg;25.2356;    30;301.2176;337.1689 
 MEMBRANOUS  DATASET;MEMBRANOUS2016  (8).jpg;17.6012;    19;264.2344;340.9550 
 MEMBRANOUS  DATASET;MEMBRANOUS2016  (80).jpg;12.9077;    12;295.2641;321.6042 
 MEMBRANOUS  DATASET;MEMBRANOUS2016  (81).jpg;12.5780;    12;263.8639;319.6360 
 MEMBRANOUS  DATASET;MEMBRANOUS2016  (82).jpg;13.1241;    13;285.5952;320.1083 
 MEMBRANOUS  DATASET;MEMBRANOUS2016  (83).jpg;4.4574;      4;117.1311;33.0115 
 MEMBRANOUS  DATASET;MEMBRANOUS2016  (84).jpg;3.9978;      3;138.5845;56.9841 
 MEMBRANOUS  DATASET;MEMBRANOUS2016  (85).jpg;3.6994;      3;122.7092;44.8750 
 MEMBRANOUS  DATASET;MEMBRANOUS2016  (86).jpg;4.5740;      4;127.7219;47.3681 
 MEMBRANOUS  DATASET;MEMBRANOUS2016  (87).jpg;4.3129;      4;121.5991;37.3958 
 MEMBRANOUS  DATASET;MEMBRANOUS2016  (88).jpg;18.6653;    19;287.7217;315.9948 
 MEMBRANOUS  DATASET;MEMBRANOUS2016  (89).jpg;19.1093;    21;279.8923;304.8651 
 MEMBRANOUS  DATASET;MEMBRANOUS2016  (9).jpg;16.7319;    19;256.0030;338.6792 
 MEMBRANOUS  DATASET;MEMBRANOUS2016  (90).jpg;17.2641;    19;289.3568;312.4630 
 MEMBRANOUS  DATASET;MEMBRANOUS2016  (91).jpg;18.5698;    20;323.6002;336.4214 
 MEMBRANOUS  DATASET;MEMBRANOUS2016  (92).jpg;20.5188;    22;325.0244;336.6893 
 MEMBRANOUS  DATASET;MEMBRANOUS2016  (93).jpg;14.2065;    16;294.4025;339.0556 
 MEMBRANOUS  DATASET;MEMBRANOUS2016  (94).jpg;17.7525;    19;326.8013;341.3220 
 MEMBRANOUS  DATASET;MEMBRANOUS2016  (95).jpg;17.2705;    19;325.8597;341.1550 
 MEMBRANOUS  DATASET;MEMBRANOUS2016  (96).jpg;18.1456;    19;327.6679;341.2716 
 MEMBRANOUS  DATASET;MEMBRANOUS2016  (97).jpg;17.1712;    18;327.3964;339.0556 
 MEMBRANOUS  DATASET;MEMBRANOUS2016  (98).jpg;16.1597;    17;320.3584;339.0556 
 MEMBRANOUS  DATASET;MEMBRANOUS2016  (99).jpg;15.1515;    15;326.3931;338.6023 
 MEMBRANOUS  DATASET;MEMBRANOUS2017  (1).jpg;19.9012;    22;313.0851;345.0853 
 MEMBRANOUS  DATASET;MEMBRANOUS2017  (10).jpg;18.8514;    20;316.8307;345.1101 
 MEMBRANOUS  DATASET;MEMBRANOUS2017  (11).jpg;19.1229;    21;314.3168;345.1923 
 MEMBRANOUS  DATASET;MEMBRANOUS2017  (12).jpg;18.1452;    20;306.5267;345.1101 
 MEMBRANOUS  DATASET;MEMBRANOUS2017  (13).jpg;18.5314;    21;304.2632;345.1923 
 MEMBRANOUS  DATASET;MEMBRANOUS2017  (14).jpg;19.6181;    21;317.0367;344.0417 
 MEMBRANOUS  DATASET;MEMBRANOUS2017  (15).jpg;17.5982;    19;308.5451;344.7540 
 MEMBRANOUS  DATASET;MEMBRANOUS2017  (16).jpg;16.6627;    18;307.7650;344.6400 
 MEMBRANOUS  DATASET;MEMBRANOUS2017  (17).jpg;18.1200;    20;308.5474;345.1923 
 MEMBRANOUS  DATASET;MEMBRANOUS2017  (18).jpg;16.3617;    18;301.4136;345.1923 
 MEMBRANOUS  DATASET;MEMBRANOUS2017  (19).jpg;17.0058;    19;292.1724;344.7540 
 MEMBRANOUS  DATASET;MEMBRANOUS2017  (2).jpg;19.2966;    21;310.5356;344.6920 
 MEMBRANOUS  DATASET;MEMBRANOUS2017  (20).jpg;15.4624;    17;277.0755;344.6400 
 MEMBRANOUS  DATASET;MEMBRANOUS2017  (21).jpg;16.1454;    17;287.9512;344.7540 
 MEMBRANOUS  DATASET;MEMBRANOUS2017  (22).jpg;16.7783;    19;291.2727;344.6400 
 MEMBRANOUS  DATASET;MEMBRANOUS2017  (23).jpg;17.5319;    19;301.8381;345.1923 
 MEMBRANOUS  DATASET;MEMBRANOUS2017  (24).jpg;16.8638;    19;284.1358;345.5375 
 MEMBRANOUS  DATASET;MEMBRANOUS2017  (25).jpg;17.9128;    19;325.0886;345.9928 
 MEMBRANOUS  DATASET;MEMBRANOUS2017  (26).jpg;17.4587;    19;305.4367;344.5957 
 MEMBRANOUS  DATASET;MEMBRANOUS2017  (27).jpg;23.0756;    27;309.6206;336.6893 
 MEMBRANOUS  DATASET;MEMBRANOUS2017  (28).jpg;20.8291;    23;326.5428;339.0556 
 MEMBRANOUS  DATASET;MEMBRANOUS2017  (29).jpg;19.7829;    22;322.0515;339.0556 
 MEMBRANOUS  DATASET;MEMBRANOUS2017  (3).jpg;19.6880;    21;311.7081;345.9115 
 MEMBRANOUS  DATASET;MEMBRANOUS2017  (30).jpg;16.7836;    19;294.1249;338.7487 
 MEMBRANOUS  DATASET;MEMBRANOUS2017  (31).jpg;23.4721;    25;332.8891;339.0556 
 MEMBRANOUS  DATASET;MEMBRANOUS2017  (32).jpg;22.6995;    25;328.5800;340.5897 
 MEMBRANOUS  DATASET;MEMBRANOUS2017  (33).jpg;21.7344;    24;328.4713;340.5897 
 MEMBRANOUS  DATASET;MEMBRANOUS2017  (34).jpg;19.0220;    21;327.9933;342.6818 
 MEMBRANOUS  DATASET;MEMBRANOUS2017  (35).jpg;18.4222;    20;323.4986;343.2544 
 MEMBRANOUS  DATASET;MEMBRANOUS2017  (36).jpg;17.8893;    19;315.3914;342.8545 
 MEMBRANOUS  DATASET;MEMBRANOUS2017  (37).jpg;16.8013;    18;317.5537;342.3796 
 MEMBRANOUS  DATASET;MEMBRANOUS2017  (38).jpg;16.9364;    18;318.4915;342.0906 
 MEMBRANOUS  DATASET;MEMBRANOUS2017  (39).jpg;19.6711;    21;335.1949;342.0906 
 MEMBRANOUS  DATASET;MEMBRANOUS2017  (4).jpg;18.3521;    20;305.2991;345.9928 
 MEMBRANOUS  DATASET;MEMBRANOUS2017  (40).jpg;18.4816;    20;325.9154;343.3913 
 MEMBRANOUS  DATASET;MEMBRANOUS2017  (41).jpg;22.6204;    25;305.3794;336.1545 
 MEMBRANOUS  DATASET;MEMBRANOUS2017  (42).jpg;19.7593;    23;263.2518;333.6162 
 MEMBRANOUS  DATASET;MEMBRANOUS2017  (43).jpg;21.9368;    25;292.9438;335.0667 
 MEMBRANOUS  DATASET;MEMBRANOUS2017  (44).jpg;23.3853;    27;299.1344;336.3046 
 MEMBRANOUS  DATASET;MEMBRANOUS2017  (45).jpg;21.8902;    24;317.0588;331.3846 
 MEMBRANOUS  DATASET;MEMBRANOUS2017  (46).jpg;23.3811;    26;311.3228;332.0329 
 MEMBRANOUS  DATASET;MEMBRANOUS2017  (47).jpg;16.1775;    18;311.7419;329.0833 
 MEMBRANOUS  DATASET;MEMBRANOUS2017  (48).jpg;18.3117;    21;320.6495;329.6478 
 MEMBRANOUS  DATASET;MEMBRANOUS2017  (49).jpg;14.2752;    14;296.0676;326.9464 
 MEMBRANOUS  DATASET;MEMBRANOUS2017  (5).jpg;15.2029;    16;238.4806;344.0417 
 MEMBRANOUS  DATASET;MEMBRANOUS2017  (50).jpg;17.4733;    20;312.2634;330.6045 
 MEMBRANOUS  DATASET;MEMBRANOUS2017  (51).jpg;22.4613;    25;305.0931;334.2414 
 MEMBRANOUS  DATASET;MEMBRANOUS2017  (52).jpg;21.5085;    24;306.5354;335.2306 
 MEMBRANOUS  DATASET;MEMBRANOUS2017  (53).jpg;19.7080;    23;285.0908;333.6162 
 MEMBRANOUS  DATASET;MEMBRANOUS2017  (54).jpg;23.3407;    26;309.7792;335.7315 
 MEMBRANOUS  DATASET;MEMBRANOUS2017  (55).jpg;18.5635;    22;274.6164;338.5307 
 MEMBRANOUS  DATASET;MEMBRANOUS2017  (56).jpg;21.5701;    24;304.7092;338.7487 
 MEMBRANOUS  DATASET;MEMBRANOUS2017  (57).jpg;24.1679;    28;303.6048;338.7487 
 MEMBRANOUS  DATASET;MEMBRANOUS2017  (58).jpg;19.9448;    23;306.7280;342.9254 
 MEMBRANOUS  DATASET;MEMBRANOUS2017  (59).jpg;22.2467;    24;329.0805;343.2544 
 MEMBRANOUS  DATASET;MEMBRANOUS2017  (6).jpg;17.3533;    19;293.2870;346.0631 
 MEMBRANOUS  DATASET;MEMBRANOUS2017  (60).jpg;20.0491;    23;304.9829;342.5242 
 MEMBRANOUS  DATASET;MEMBRANOUS2017  (61).jpg;21.5158;    24;319.4080;338.6792 
 MEMBRANOUS  DATASET;MEMBRANOUS2017  (62).jpg;21.4010;    24;316.9277;338.7487 
 MEMBRANOUS  DATASET;MEMBRANOUS2017  (63).jpg;22.4172;    24;328.5843;339.0556 
 MEMBRANOUS  DATASET;MEMBRANOUS2017  (64).jpg;22.5529;    25;325.8151;340.7899 
 MEMBRANOUS  DATASET;MEMBRANOUS2017  (65).jpg;21.8400;    25;315.9420;340.7899 
 MEMBRANOUS  DATASET;MEMBRANOUS2017  (66).jpg;24.4741;    27;324.4542;340.5897 
 MEMBRANOUS  DATASET;MEMBRANOUS2017  (67).jpg;21.4051;    24;314.9367;339.0556 
 MEMBRANOUS  DATASET;MEMBRANOUS2017  (68).jpg;18.8321;    22;308.0691;334.3627 
 MEMBRANOUS  DATASET;MEMBRANOUS2017  (69).jpg;17.0683;    19;317.6701;339.0556 
 MEMBRANOUS  DATASET;MEMBRANOUS2017  (7).jpg;18.3213;    20;299.6200;345.8367 
 MEMBRANOUS  DATASET;MEMBRANOUS2017  (70).jpg;19.3297;    22;324.4175;335.3816 
 MEMBRANOUS  DATASET;MEMBRANOUS2017  (71).jpg;20.1038;    23;316.7289;334.0694 
 MEMBRANOUS  DATASET;MEMBRANOUS2017  (72).jpg;17.8403;    20;313.4337;330.6045 
 MEMBRANOUS  DATASET;MEMBRANOUS2017  (73).jpg;16.9358;    19;313.4156;331.0778 
 MEMBRANOUS  DATASET;MEMBRANOUS2017  (74).jpg;23.2971;    26;315.3789;340.5221 
 MEMBRANOUS  DATASET;MEMBRANOUS2017  (75).jpg;25.2219;    27;326.2195;340.4032 
 MEMBRANOUS  DATASET;MEMBRANOUS2017  (76).jpg;20.5215;    24;306.3689;338.6792 
 MEMBRANOUS  DATASET;MEMBRANOUS2017  (77).jpg;23.2479;    26;322.1139;342.3796 
 MEMBRANOUS  DATASET;MEMBRANOUS2017  (78).jpg;22.3232;    25;326.3357;341.3443 
 MEMBRANOUS  DATASET;MEMBRANOUS2017  (8).jpg;18.6311;    20;301.3746;346.3081 
 MEMBRANOUS  DATASET;MEMBRANOUS2017  (9).jpg;16.5332;    19;266.6294;346.0631 
